-- phpMyAdmin SQL Dump
-- version 5.2.1
-- https://www.phpmyadmin.net/
--
-- Host: 127.0.0.1
-- Generation Time: Oct 02, 2025 at 03:05 AM
-- Server version: 10.4.32-MariaDB
-- PHP Version: 8.2.12

SET SQL_MODE = "NO_AUTO_VALUE_ON_ZERO";
START TRANSACTION;
SET time_zone = "+00:00";


/*!40101 SET @OLD_CHARACTER_SET_CLIENT=@@CHARACTER_SET_CLIENT */;
/*!40101 SET @OLD_CHARACTER_SET_RESULTS=@@CHARACTER_SET_RESULTS */;
/*!40101 SET @OLD_COLLATION_CONNECTION=@@COLLATION_CONNECTION */;
/*!40101 SET NAMES utf8mb4 */;

--
-- Database: `mu_tracker`
--

-- --------------------------------------------------------

--
-- Table structure for table `activity_logs`
--

CREATE TABLE `activity_logs` (
  `id` int(11) NOT NULL,
  `user` varchar(100) NOT NULL,
  `action` varchar(255) NOT NULL,
  `details` text DEFAULT NULL,
  `ip_address` varchar(45) DEFAULT NULL,
  `timestamp` timestamp NOT NULL DEFAULT current_timestamp()
) ENGINE=InnoDB DEFAULT CHARSET=utf8mb4 COLLATE=utf8mb4_general_ci;

--
-- Dumping data for table `activity_logs`
--

INSERT INTO `activity_logs` (`id`, `user`, `action`, `details`, `ip_address`, `timestamp`) VALUES
(1, 'admin', 'User logout', 'User logged out', '::1', '2025-09-30 04:15:50'),
(2, 'admin', 'Characters refreshed', 'Refreshed 10/10 characters (Success rate: 100%)', '::1', '2025-10-01 00:33:45'),
(3, 'kentify', 'Characters refreshed', 'Refreshed 10/10 characters (Success rate: 100%)', '::1', '2025-10-01 00:48:08'),
(4, 'admin', 'User logout', 'User logged out', '::1', '2025-10-01 01:40:05'),
(5, 'unknown', 'User logout', 'User logged out', 'unknown', '2025-10-01 04:37:59'),
(6, 'unknown', 'User logout', 'User logged out', '::1', '2025-10-01 04:38:47'),
(7, 'kentify', 'User login', 'Successful login', '::1', '2025-10-01 04:38:50'),
(8, 'kentify', 'User logout', 'User logged out', '::1', '2025-10-01 04:44:26'),
(9, 'kentify', 'User login', 'Successful login', '::1', '2025-10-01 04:44:30'),
(10, 'kentify', 'Characters refreshed', 'Refreshed 10/10 characters (Success rate: 100%)', '::1', '2025-10-01 04:45:45'),
(11, 'kentify', 'User logout', 'User logged out', '::1', '2025-10-01 05:45:46'),
(12, 'unknown', 'User logout', 'User logged out', '::1', '2025-10-01 07:15:21'),
(13, 'kentify', 'User login', 'Successful login', '::1', '2025-10-01 07:15:24'),
(14, 'kentify', 'User logout', 'User logged out', '::1', '2025-10-01 08:22:54'),
(15, 'kentify', 'User login', 'Successful login', '::1', '2025-10-01 08:22:59'),
(16, 'test_regular', 'User registration', 'New user registered with license: MUTRACK-2024-001 (Type: regular, Role: regular)', 'unknown', '2025-10-01 08:55:06'),
(17, 'test_vip', 'User registration', 'New user registered with license: VIP-2024-001 (Type: vip, Role: vip)', 'unknown', '2025-10-01 08:55:06'),
(18, 'admin', 'Created license key', 'License: TEST-REGULAR-001, Type: regular, Max uses: 1', 'unknown', '2025-10-01 08:55:06'),
(19, 'admin', 'Created license key', 'License: TEST-VIP-001, Type: vip, Max uses: 1', 'unknown', '2025-10-01 08:55:06'),
(20, 'admin', 'Deleted license key', 'ID: 19', '::1', '2025-10-01 08:55:52'),
(21, 'admin', 'Deleted license key', 'ID: 20', '::1', '2025-10-01 08:55:57'),
(22, 'admin', 'User deactivated', 'User ID: 4', '::1', '2025-10-01 08:58:59'),
(23, 'admin', 'User deactivated', 'User ID: 5', '::1', '2025-10-01 08:59:04'),
(24, 'kentify', 'User login', 'Successful login', '::1', '2025-10-02 00:38:07'),
(25, 'kentify', 'Characters refreshed', 'Refreshed 10/10 characters (Success rate: 100%)', '::1', '2025-10-02 00:38:37');

-- --------------------------------------------------------

--
-- Table structure for table `characters`
--

CREATE TABLE `characters` (
  `id` int(11) NOT NULL,
  `user_id` int(11) DEFAULT NULL,
  `name` varchar(50) NOT NULL,
  `character_url` varchar(255) NOT NULL,
  `status` varchar(20) DEFAULT 'Unknown',
  `level` int(11) DEFAULT 0,
  `resets` int(11) DEFAULT 0,
  `grand_resets` int(11) DEFAULT 0,
  `class` varchar(50) DEFAULT '',
  `guild` varchar(100) DEFAULT '',
  `gens` varchar(50) DEFAULT '',
  `location` varchar(100) DEFAULT 'Unknown',
  `last_updated` timestamp NOT NULL DEFAULT current_timestamp() ON UPDATE current_timestamp(),
  `created_at` timestamp NOT NULL DEFAULT current_timestamp()
) ENGINE=InnoDB DEFAULT CHARSET=utf8mb4 COLLATE=utf8mb4_general_ci;

--
-- Dumping data for table `characters`
--

INSERT INTO `characters` (`id`, `user_id`, `name`, `character_url`, `status`, `level`, `resets`, `grand_resets`, `class`, `guild`, `gens`, `location`, `last_updated`, `created_at`) VALUES
(3, 1, 'Succubus', 'https://dragon.mu/character/5375636375627573/X9999', 'Online', 1398, 7547, 10, 'Slayer', 'No Guild', 'None', 'Unknown (25x78)', '2025-10-02 00:38:36', '2025-09-29 01:00:21'),
(4, 1, 'Blaze', 'https://dragon.mu/character/426c617a65/X9999', 'Online', 1129, 8844, 10, 'Magic Gladiator', 'No Guild', 'Vanert', 'Red Smoke Icarus (48x88)', '2025-10-02 00:38:17', '2025-09-29 01:00:32'),
(5, 1, 'Creator', 'https://dragon.mu/character/43726561746f72/X9999', 'Online', 1077, 10524, 0, 'Alchemist', 'No Guild', 'None', 'Red Smoke Icarus (53x154)', '2025-10-02 00:38:22', '2025-09-29 01:00:43'),
(6, 1, 'Destroyer', 'https://dragon.mu/character/44657374726f796572/X9999', 'Online', 1194, 12113, 0, 'Summoner', 'No Guild', 'None', 'Arenil Temple (105x158)', '2025-10-02 00:38:26', '2025-09-29 01:00:57'),
(7, 1, 'Runea', 'https://dragon.mu/character/52756e6561/X9999', 'Online', 1040, 10934, 0, 'Rune Wizard', 'No Guild', 'None', 'Red Smoke Icarus (198x122)', '2025-10-02 00:38:34', '2025-09-29 01:01:07'),
(8, 1, 'Mirana', 'https://dragon.mu/character/4d6972616e61/X9999', 'Online', 1428, 11054, 0, 'Fairy Elf', 'No Guild', 'None', 'Red Smoke Icarus (161x24)', '2025-10-02 00:38:32', '2025-09-29 01:01:14'),
(9, 1, 'Grimoire', 'https://dragon.mu/character/4772696d6f697265/X9999', 'Online', 1197, 7039, 0, 'Light Wizard', 'No Guild', 'None', 'Arenil Temple (238x44)', '2025-10-02 00:38:28', '2025-09-29 01:01:24'),
(10, 1, 'Damage', 'https://dragon.mu/character/44616d616765/X9999', 'Online', 1180, 5759, 0, 'Lemuria Mage', 'No Guild', 'None', 'Arenil Temple (235x186)', '2025-10-02 00:38:24', '2025-09-29 01:01:30'),
(11, 1, 'Ichigo', 'https://dragon.mu/character/49636869676f/X9999', 'Online', 1208, 4188, 0, 'Illusion Knight', 'No Guild', 'None', 'Arenil Temple (25x187)', '2025-10-02 00:38:30', '2025-09-29 01:01:37'),
(12, 1, 'BlessBK', 'https://dragon.mu/character/426c657373424b/X9999', 'Online', 1240, 3217, 0, 'Dark Knight', 'No Guild', 'None', 'Red Smoke Icarus (152x102)', '2025-10-02 00:38:19', '2025-09-29 01:01:45');

-- --------------------------------------------------------

--
-- Table structure for table `character_history`
--

CREATE TABLE `character_history` (
  `id` int(11) NOT NULL,
  `user_id` int(11) DEFAULT NULL,
  `character_id` int(11) NOT NULL,
  `level` int(11) NOT NULL DEFAULT 0,
  `resets` int(11) NOT NULL DEFAULT 0,
  `grand_resets` int(11) NOT NULL DEFAULT 0,
  `location` varchar(100) DEFAULT 'Unknown',
  `status` enum('Unknown','Online','Offline','Error') NOT NULL DEFAULT 'Unknown',
  `day_of_month` tinyint(2) NOT NULL,
  `day_of_week` tinyint(1) NOT NULL,
  `status_timestamp` datetime NOT NULL
) ENGINE=InnoDB DEFAULT CHARSET=utf8mb4 COLLATE=utf8mb4_unicode_ci;

--
-- Dumping data for table `character_history`
--

INSERT INTO `character_history` (`id`, `user_id`, `character_id`, `level`, `resets`, `grand_resets`, `location`, `status`, `day_of_month`, `day_of_week`, `status_timestamp`) VALUES
(1, 1, 4, 1129, 7995, 10, 'Red Smoke Icarus (161x23)', 'Online', 29, 1, '2025-09-29 07:17:26'),
(2, 1, 12, 1390, 2250, 0, 'Arenil Temple (129x219)', 'Online', 29, 1, '2025-09-29 07:17:27'),
(3, 1, 5, 1357, 9460, 0, 'Red Smoke Icarus (198x122)', 'Offline', 29, 1, '2025-09-29 07:17:29'),
(4, 1, 10, 1180, 4905, 0, 'Arenil Temple (235x186)', 'Online', 29, 1, '2025-09-29 07:17:31'),
(5, 1, 6, 1194, 11126, 0, 'Red Smoke Icarus (154x100)', 'Online', 29, 1, '2025-09-29 07:17:32'),
(6, 1, 9, 1197, 6080, 0, 'Arenil Temple (239x45)', 'Online', 29, 1, '2025-09-29 07:17:33'),
(7, 1, 11, 1272, 3157, 0, 'Arenil Temple (25x188)', 'Online', 29, 1, '2025-09-29 07:17:35'),
(8, 1, 8, 1050, 10192, 0, 'Red Smoke Icarus (55x208)', 'Online', 29, 1, '2025-09-29 07:17:36'),
(9, 1, 7, 1040, 10113, 0, 'DeepDungeon 5 (245x104)', 'Online', 29, 1, '2025-09-29 07:17:37'),
(10, 1, 3, 1651, 6972, 10, 'Arenil Temple (26x69)', 'Online', 29, 1, '2025-09-29 07:17:39'),
(13, 1, 3, 1652, 6972, 10, 'Arenil Temple (26x69)', 'Online', 29, 1, '2025-09-29 07:29:21'),
(16, 1, 4, 1147, 8038, 10, 'Red Smoke Icarus (161x23)', 'Online', 29, 1, '2025-09-29 10:02:32'),
(17, 1, 12, 1202, 2293, 0, 'Arenil Temple (129x219)', 'Online', 29, 1, '2025-09-29 10:02:34'),
(18, 1, 5, 1077, 9495, 0, 'Red Smoke Icarus (55x152)', 'Online', 29, 1, '2025-09-29 10:02:36'),
(19, 1, 10, 1180, 4942, 0, 'Arenil Temple (235x186)', 'Online', 29, 1, '2025-09-29 10:02:38'),
(20, 1, 6, 1194, 11170, 0, 'Red Smoke Icarus (154x100)', 'Online', 29, 1, '2025-09-29 10:02:39'),
(21, 1, 9, 1197, 6120, 0, 'Arenil Temple (239x45)', 'Online', 29, 1, '2025-09-29 10:02:41'),
(22, 1, 11, 1208, 3201, 0, 'Arenil Temple (25x188)', 'Online', 29, 1, '2025-09-29 10:02:43'),
(23, 1, 8, 1050, 10235, 0, 'Red Smoke Icarus (55x208)', 'Online', 29, 1, '2025-09-29 10:02:44'),
(24, 1, 7, 1218, 10155, 0, 'Red Smoke Icarus (199x122)', 'Online', 29, 1, '2025-09-29 10:02:46'),
(25, 1, 3, 1656, 6972, 10, 'Arenil Temple (26x69)', 'Online', 29, 1, '2025-09-29 10:02:48'),
(26, 1, 4, 1129, 8046, 10, 'Red Smoke Icarus (161x23)', 'Online', 29, 1, '2025-09-29 10:34:28'),
(27, 1, 12, 1300, 2296, 0, 'Red Smoke Icarus (154x99)', 'Online', 29, 1, '2025-09-29 10:34:30'),
(28, 1, 5, 1197, 9504, 0, 'Red Smoke Icarus (55x152)', 'Online', 29, 1, '2025-09-29 10:34:32'),
(29, 1, 10, 1330, 4949, 0, 'Arenil Temple (235x186)', 'Online', 29, 1, '2025-09-29 10:34:33'),
(30, 1, 6, 1194, 11177, 0, 'Arenil Temple (106x156)', 'Online', 29, 1, '2025-09-29 10:34:35'),
(31, 1, 9, 1197, 6128, 0, 'Arenil Temple (239x45)', 'Online', 29, 1, '2025-09-29 10:34:37'),
(32, 1, 11, 1208, 3209, 0, 'Arenil Temple (25x188)', 'Online', 29, 1, '2025-09-29 10:34:39'),
(33, 1, 8, 1050, 10241, 0, 'Arena (121x19)', 'Online', 29, 1, '2025-09-29 10:34:41'),
(34, 1, 7, 1040, 10163, 0, 'Red Smoke Icarus (191x101)', 'Online', 29, 1, '2025-09-29 10:34:43'),
(35, 1, 3, 1656, 6972, 10, 'Unknown (111x103)', 'Online', 29, 1, '2025-09-29 10:34:45'),
(36, 1, 4, 1129, 8092, 10, 'Red Smoke Icarus (161x23)', 'Online', 29, 1, '2025-09-29 13:27:40'),
(37, 1, 12, 1202, 2341, 0, 'Red Smoke Icarus (154x99)', 'Online', 29, 1, '2025-09-29 13:27:42'),
(38, 1, 5, 1077, 9552, 0, 'Red Smoke Icarus (55x152)', 'Online', 29, 1, '2025-09-29 13:27:44'),
(39, 1, 10, 1190, 4987, 0, 'Arenil Temple (235x186)', 'Online', 29, 1, '2025-09-29 13:27:45'),
(40, 1, 6, 1194, 11223, 0, 'Arenil Temple (106x156)', 'Online', 29, 1, '2025-09-29 13:27:47'),
(41, 1, 9, 1197, 6170, 0, 'Arenil Temple (239x45)', 'Online', 29, 1, '2025-09-29 13:27:49'),
(42, 1, 11, 1208, 3255, 0, 'Arenil Temple (25x188)', 'Online', 29, 1, '2025-09-29 13:27:51'),
(43, 1, 8, 1050, 10286, 0, 'Arena (121x19)', 'Online', 29, 1, '2025-09-29 13:27:53'),
(44, 1, 7, 1040, 10207, 0, 'Red Smoke Icarus (191x101)', 'Online', 29, 1, '2025-09-29 13:27:55'),
(45, 1, 3, 1666, 6972, 10, 'Unknown (25x80)', 'Online', 29, 1, '2025-09-29 13:27:56'),
(53, 1, 3, 1673, 6972, 10, 'Unknown (25x80)', 'Online', 29, 1, '2025-09-29 14:44:00'),
(54, 1, 4, 1129, 8112, 10, 'Red Smoke Icarus (161x23)', 'Online', 29, 1, '2025-09-29 14:44:02'),
(55, 1, 5, 1077, 9573, 0, 'Red Smoke Icarus (55x152)', 'Online', 29, 1, '2025-09-29 14:44:03'),
(56, 1, 6, 1194, 11243, 0, 'Arenil Temple (106x156)', 'Online', 29, 1, '2025-09-29 14:44:05'),
(57, 1, 7, 1040, 10226, 0, 'Red Smoke Icarus (191x101)', 'Online', 29, 1, '2025-09-29 14:44:06'),
(58, 1, 8, 1053, 10306, 0, 'Arena (121x19)', 'Online', 29, 1, '2025-09-29 14:44:08'),
(59, 1, 9, 1251, 6189, 0, 'Arenil Temple (239x45)', 'Online', 29, 1, '2025-09-29 14:44:39'),
(60, 1, 10, 1514, 5004, 0, 'Arenil Temple (235x186)', 'Online', 29, 1, '2025-09-29 14:44:41'),
(61, 1, 11, 1208, 3275, 0, 'Arenil Temple (25x188)', 'Online', 29, 1, '2025-09-29 14:44:43'),
(62, 1, 12, 1202, 2362, 0, 'Red Smoke Icarus (154x99)', 'Online', 29, 1, '2025-09-29 14:44:44'),
(63, 1, 4, 1129, 8229, 10, 'Red Smoke Icarus (161x23)', 'Online', 29, 1, '2025-09-29 22:10:14'),
(64, 1, 12, 1202, 2479, 0, 'Red Smoke Icarus (154x99)', 'Online', 29, 1, '2025-09-29 22:10:15'),
(65, 1, 5, 1077, 9695, 0, 'Red Smoke Icarus (55x152)', 'Online', 29, 1, '2025-09-29 22:10:17'),
(66, 1, 10, 1180, 5117, 0, 'Arenil Temple (235x186)', 'Online', 29, 1, '2025-09-29 22:10:18'),
(67, 1, 6, 1531, 11360, 0, 'Arenil Temple (106x156)', 'Online', 29, 1, '2025-09-29 22:10:21'),
(68, 1, 9, 1197, 6298, 0, 'Arenil Temple (239x45)', 'Online', 29, 1, '2025-09-29 22:10:22'),
(69, 1, 11, 1208, 3392, 0, 'Arenil Temple (25x188)', 'Online', 29, 1, '2025-09-29 22:10:24'),
(70, 1, 8, 1050, 10424, 0, 'Arena (121x19)', 'Online', 29, 1, '2025-09-29 22:10:25'),
(71, 1, 7, 1040, 10340, 0, 'Red Smoke Icarus (191x101)', 'Online', 29, 1, '2025-09-29 22:10:27'),
(72, 1, 3, 1700, 6972, 10, 'Unknown (25x80)', 'Offline', 29, 1, '2025-09-29 22:10:29'),
(73, 1, 4, 1129, 8231, 10, 'Red Smoke Icarus (161x23)', 'Online', 29, 1, '2025-09-29 22:15:43'),
(74, 1, 12, 1264, 2480, 0, 'Red Smoke Icarus (154x99)', 'Online', 29, 1, '2025-09-29 22:15:45'),
(75, 1, 5, 1254, 9696, 0, 'Red Smoke Icarus (55x152)', 'Online', 29, 1, '2025-09-29 22:15:47'),
(76, 1, 10, 1180, 5119, 0, 'Arenil Temple (235x186)', 'Online', 29, 1, '2025-09-29 22:15:48'),
(77, 1, 6, 1194, 11362, 0, 'Arenil Temple (106x156)', 'Online', 29, 1, '2025-09-29 22:15:50'),
(78, 1, 9, 1197, 6300, 0, 'Arenil Temple (239x45)', 'Online', 29, 1, '2025-09-29 22:15:52'),
(79, 1, 11, 1329, 3394, 0, 'Arenil Temple (25x188)', 'Online', 29, 1, '2025-09-29 22:15:54'),
(80, 1, 8, 1050, 10425, 0, 'Arena (121x19)', 'Online', 29, 1, '2025-09-29 22:15:55'),
(81, 1, 7, 1040, 10342, 0, 'Red Smoke Icarus (191x101)', 'Online', 29, 1, '2025-09-29 22:15:57'),
(82, 1, 3, 1301, 6973, 10, 'Unknown (26x80)', 'Online', 29, 1, '2025-09-29 22:15:59'),
(83, 1, 4, 1129, 8258, 10, 'Red Smoke Icarus (161x23)', 'Online', 29, 1, '2025-09-29 23:58:17'),
(84, 1, 12, 1202, 2507, 0, 'Red Smoke Icarus (154x99)', 'Online', 29, 1, '2025-09-29 23:58:18'),
(85, 1, 5, 1077, 9725, 0, 'Red Smoke Icarus (55x152)', 'Online', 29, 1, '2025-09-29 23:58:20'),
(86, 1, 10, 1180, 5145, 0, 'Arenil Temple (235x186)', 'Online', 29, 1, '2025-09-29 23:58:22'),
(87, 1, 6, 1194, 11389, 0, 'Arenil Temple (106x156)', 'Online', 29, 1, '2025-09-29 23:58:24'),
(88, 1, 9, 1197, 6324, 0, 'Arenil Temple (238x44)', 'Online', 29, 1, '2025-09-29 23:58:26'),
(89, 1, 11, 1275, 3420, 0, 'Arenil Temple (25x187)', 'Online', 29, 1, '2025-09-29 23:58:27'),
(90, 1, 8, 1050, 10452, 0, 'Arena (121x19)', 'Online', 29, 1, '2025-09-29 23:58:29'),
(91, 1, 7, 1040, 10368, 0, 'Red Smoke Icarus (191x101)', 'Online', 29, 1, '2025-09-29 23:58:30'),
(92, 1, 3, 1301, 7000, 10, 'Unknown (26x80)', 'Online', 29, 1, '2025-09-29 23:58:31'),
(93, 1, 4, 1129, 8283, 10, 'Red Smoke Icarus (161x23)', 'Online', 30, 2, '2025-09-30 01:34:46'),
(94, 1, 12, 1507, 2532, 0, 'Red Smoke Icarus (154x99)', 'Online', 30, 2, '2025-09-30 01:34:48'),
(95, 1, 5, 1198, 9751, 0, 'Red Smoke Icarus (55x152)', 'Online', 30, 2, '2025-09-30 01:34:50'),
(96, 1, 10, 1180, 5170, 0, 'Arenil Temple (235x186)', 'Online', 30, 2, '2025-09-30 01:34:51'),
(97, 1, 6, 1194, 11414, 0, 'Arenil Temple (106x156)', 'Online', 30, 2, '2025-09-30 01:34:53'),
(98, 1, 9, 1197, 6348, 0, 'Arenil Temple (238x44)', 'Online', 30, 2, '2025-09-30 01:34:56'),
(99, 1, 11, 1208, 3445, 0, 'Arenil Temple (25x187)', 'Online', 30, 2, '2025-09-30 01:34:57'),
(100, 1, 8, 1157, 10477, 0, 'Arena (121x19)', 'Online', 30, 2, '2025-09-30 01:35:00'),
(101, 1, 7, 1040, 10393, 0, 'Red Smoke Icarus (191x101)', 'Online', 30, 2, '2025-09-30 01:35:02'),
(102, 1, 3, 1700, 7013, 10, 'Unknown (26x80)', 'Online', 30, 2, '2025-09-30 01:35:03'),
(103, 1, 4, 1129, 8301, 10, 'Red Smoke Icarus (161x23)', 'Online', 30, 2, '2025-09-30 02:40:43'),
(104, 1, 12, 1202, 2550, 0, 'Red Smoke Icarus (154x99)', 'Online', 30, 2, '2025-09-30 02:40:45'),
(105, 1, 5, 1077, 9769, 0, 'Red Smoke Icarus (55x152)', 'Online', 30, 2, '2025-09-30 02:40:47'),
(106, 1, 10, 1180, 5188, 0, 'Arenil Temple (235x186)', 'Online', 30, 2, '2025-09-30 02:40:50'),
(107, 1, 6, 1194, 11432, 0, 'Arenil Temple (106x156)', 'Online', 30, 2, '2025-09-30 02:40:51'),
(108, 1, 9, 1284, 6364, 0, 'Arenil Temple (238x44)', 'Online', 30, 2, '2025-09-30 02:40:53'),
(109, 1, 11, 1208, 3463, 0, 'Arenil Temple (25x187)', 'Online', 30, 2, '2025-09-30 02:40:55'),
(110, 1, 8, 1050, 10495, 0, 'Arena (121x19)', 'Online', 30, 2, '2025-09-30 02:40:58'),
(111, 1, 7, 1322, 10408, 0, 'Red Smoke Icarus (191x101)', 'Offline', 30, 2, '2025-09-30 02:41:00'),
(112, 1, 3, 1700, 7013, 10, 'Unknown (26x80)', 'Online', 30, 2, '2025-09-30 02:41:02'),
(113, 1, 3, 1700, 7013, 10, 'Unknown (26x80)', 'Online', 30, 2, '2025-09-30 02:49:20'),
(114, 1, 4, 1428, 8302, 10, 'Red Smoke Icarus (161x23)', 'Offline', 30, 2, '2025-09-30 02:49:22'),
(115, 1, 5, 1077, 9771, 0, 'Red Smoke Icarus (55x152)', 'Online', 30, 2, '2025-09-30 02:49:23'),
(116, 1, 6, 1194, 11434, 0, 'Arenil Temple (106x156)', 'Online', 30, 2, '2025-09-30 02:49:24'),
(117, 1, 7, 1322, 10408, 0, 'Red Smoke Icarus (191x101)', 'Offline', 30, 2, '2025-09-30 02:49:26'),
(118, 1, 8, 1050, 10497, 0, 'Arena (121x19)', 'Online', 30, 2, '2025-09-30 02:49:27'),
(119, 1, 9, 1463, 6366, 0, 'Arenil Temple (238x44)', 'Online', 30, 2, '2025-09-30 02:49:28'),
(120, 1, 10, 1180, 5190, 0, 'Arenil Temple (235x186)', 'Online', 30, 2, '2025-09-30 02:49:29'),
(121, 1, 11, 1208, 3465, 0, 'Arenil Temple (25x187)', 'Online', 30, 2, '2025-09-30 02:49:30'),
(122, 1, 12, 1202, 2552, 0, 'Red Smoke Icarus (154x99)', 'Online', 30, 2, '2025-09-30 02:49:32'),
(123, 1, 4, 1428, 8302, 10, 'Red Smoke Icarus (161x23)', 'Offline', 30, 2, '2025-09-30 03:01:12'),
(124, 1, 12, 1202, 2555, 0, 'Red Smoke Icarus (154x99)', 'Online', 30, 2, '2025-09-30 03:01:14'),
(125, 1, 5, 1077, 9775, 0, 'Red Smoke Icarus (55x152)', 'Online', 30, 2, '2025-09-30 03:01:16'),
(126, 1, 10, 1180, 5193, 0, 'Arenil Temple (235x186)', 'Online', 30, 2, '2025-09-30 03:01:18'),
(127, 1, 6, 1280, 11437, 0, 'Arenil Temple (106x156)', 'Online', 30, 2, '2025-09-30 03:01:20'),
(128, 1, 9, 1248, 6369, 0, 'Arenil Temple (238x44)', 'Online', 30, 2, '2025-09-30 03:01:22'),
(129, 1, 11, 1208, 3468, 0, 'Arenil Temple (25x187)', 'Online', 30, 2, '2025-09-30 03:01:24'),
(130, 1, 8, 1050, 10500, 0, 'Arena (121x19)', 'Online', 30, 2, '2025-09-30 03:01:26'),
(131, 1, 7, 1322, 10408, 0, 'Red Smoke Icarus (191x101)', 'Offline', 30, 2, '2025-09-30 03:01:28'),
(132, 1, 3, 1700, 7013, 10, 'Unknown (26x80)', 'Online', 30, 2, '2025-09-30 03:01:30'),
(133, 1, 4, 1428, 8302, 10, 'Red Smoke Icarus (161x23)', 'Offline', 30, 2, '2025-09-30 03:33:57'),
(134, 1, 12, 1202, 2564, 0, 'Red Smoke Icarus (154x99)', 'Online', 30, 2, '2025-09-30 03:33:58'),
(135, 1, 5, 1077, 9784, 0, 'Red Smoke Icarus (55x152)', 'Online', 30, 2, '2025-09-30 03:34:01'),
(136, 1, 10, 1180, 5201, 0, 'Arenil Temple (235x186)', 'Online', 30, 2, '2025-09-30 03:34:04'),
(137, 1, 6, 1194, 11446, 0, 'Arenil Temple (106x156)', 'Online', 30, 2, '2025-09-30 03:34:06'),
(138, 1, 9, 1197, 6377, 0, 'Arenil Temple (238x44)', 'Online', 30, 2, '2025-09-30 03:34:07'),
(139, 1, 11, 1208, 3477, 0, 'Arenil Temple (25x187)', 'Online', 30, 2, '2025-09-30 03:34:09'),
(140, 1, 8, 1050, 10509, 0, 'Arena (121x19)', 'Online', 30, 2, '2025-09-30 03:34:11'),
(141, 1, 7, 1322, 10408, 0, 'Red Smoke Icarus (191x101)', 'Offline', 30, 2, '2025-09-30 03:34:13'),
(142, 1, 3, 1700, 7013, 10, 'Unknown (26x80)', 'Online', 30, 2, '2025-09-30 03:34:14'),
(143, 1, 4, 1129, 8464, 10, 'Red Smoke Icarus (48x88)', 'Online', 1, 3, '2025-10-01 00:33:26'),
(144, 1, 12, 1202, 2895, 0, 'Red Smoke Icarus (154x99)', 'Online', 1, 3, '2025-10-01 00:33:28'),
(145, 1, 5, 1077, 10129, 0, 'Red Smoke Icarus (55x152)', 'Online', 1, 3, '2025-10-01 00:33:31'),
(146, 1, 10, 1180, 5531, 0, 'Arenil Temple (235x186)', 'Online', 1, 3, '2025-10-01 00:33:32'),
(147, 1, 6, 1201, 11777, 0, 'Arenil Temple (106x156)', 'Online', 1, 3, '2025-10-01 00:33:34'),
(148, 1, 9, 1197, 6685, 0, 'Arenil Temple (238x44)', 'Online', 1, 3, '2025-10-01 00:33:36'),
(149, 1, 11, 1208, 3808, 0, 'Arenil Temple (25x187)', 'Online', 1, 3, '2025-10-01 00:33:38'),
(150, 1, 8, 1050, 10676, 0, 'Red Smoke Icarus (160x23)', 'Online', 1, 3, '2025-10-01 00:33:41'),
(151, 1, 7, 1040, 10565, 0, 'Red Smoke Icarus (198x122)', 'Online', 1, 3, '2025-10-01 00:33:42'),
(152, 1, 3, 1301, 7173, 10, 'Unknown (25x78)', 'Online', 1, 3, '2025-10-01 00:33:44'),
(153, 1, 4, 1129, 8468, 10, 'Red Smoke Icarus (48x88)', 'Online', 1, 3, '2025-10-01 00:47:47'),
(154, 1, 12, 1202, 2899, 0, 'Red Smoke Icarus (154x99)', 'Online', 1, 3, '2025-10-01 00:47:49'),
(155, 1, 5, 1077, 10133, 0, 'Red Smoke Icarus (55x152)', 'Online', 1, 3, '2025-10-01 00:47:52'),
(156, 1, 10, 1276, 5535, 0, 'Arenil Temple (235x186)', 'Online', 1, 3, '2025-10-01 00:47:55'),
(157, 1, 6, 1194, 11781, 0, 'Arenil Temple (106x156)', 'Online', 1, 3, '2025-10-01 00:47:57'),
(158, 1, 9, 1197, 6689, 0, 'Arenil Temple (238x44)', 'Online', 1, 3, '2025-10-01 00:47:59'),
(159, 1, 11, 1208, 3812, 0, 'Arenil Temple (25x187)', 'Online', 1, 3, '2025-10-01 00:48:01'),
(160, 1, 8, 1050, 10679, 0, 'Red Smoke Icarus (160x23)', 'Online', 1, 3, '2025-10-01 00:48:03'),
(161, 1, 7, 1040, 10569, 0, 'Red Smoke Icarus (198x122)', 'Online', 1, 3, '2025-10-01 00:48:06'),
(162, 1, 3, 1301, 7177, 10, 'Unknown (25x78)', 'Online', 1, 3, '2025-10-01 00:48:08'),
(163, 1, 4, 1129, 8530, 10, 'Red Smoke Icarus (48x88)', 'Online', 1, 3, '2025-10-01 04:45:00'),
(164, 1, 12, 1202, 2961, 0, 'Red Smoke Icarus (154x99)', 'Online', 1, 3, '2025-10-01 04:45:21'),
(165, 1, 5, 1077, 10198, 0, 'Red Smoke Icarus (55x152)', 'Online', 1, 3, '2025-10-01 04:45:23'),
(166, 1, 10, 1180, 5597, 0, 'Arenil Temple (235x186)', 'Online', 1, 3, '2025-10-01 04:45:25'),
(167, 1, 6, 1194, 11843, 0, 'Arenil Temple (106x156)', 'Online', 1, 3, '2025-10-01 04:45:27'),
(168, 1, 9, 1197, 6747, 0, 'Arenil Temple (238x44)', 'Online', 1, 3, '2025-10-01 04:45:30'),
(169, 1, 11, 1208, 3875, 0, 'Arenil Temple (25x187)', 'Online', 1, 3, '2025-10-01 04:45:39'),
(170, 1, 8, 1050, 10742, 0, 'Red Smoke Icarus (160x23)', 'Online', 1, 3, '2025-10-01 04:45:41'),
(171, 1, 7, 1040, 10629, 0, 'Red Smoke Icarus (198x122)', 'Online', 1, 3, '2025-10-01 04:45:43'),
(172, 1, 3, 1345, 7239, 10, 'Unknown (25x78)', 'Online', 1, 3, '2025-10-01 04:45:44'),
(173, 1, 4, 1129, 8844, 10, 'Red Smoke Icarus (48x88)', 'Online', 2, 4, '2025-10-02 00:38:17'),
(174, 1, 12, 1240, 3217, 0, 'Red Smoke Icarus (152x102)', 'Online', 2, 4, '2025-10-02 00:38:19'),
(175, 1, 5, 1077, 10524, 0, 'Red Smoke Icarus (53x154)', 'Online', 2, 4, '2025-10-02 00:38:22'),
(176, 1, 10, 1180, 5759, 0, 'Arenil Temple (235x186)', 'Online', 2, 4, '2025-10-02 00:38:24'),
(177, 1, 6, 1194, 12113, 0, 'Arenil Temple (105x158)', 'Online', 2, 4, '2025-10-02 00:38:26'),
(178, 1, 9, 1197, 7039, 0, 'Arenil Temple (238x44)', 'Online', 2, 4, '2025-10-02 00:38:28'),
(179, 1, 11, 1208, 4188, 0, 'Arenil Temple (25x187)', 'Online', 2, 4, '2025-10-02 00:38:30'),
(180, 1, 8, 1428, 11054, 0, 'Red Smoke Icarus (161x24)', 'Online', 2, 4, '2025-10-02 00:38:32'),
(181, 1, 7, 1040, 10934, 0, 'Red Smoke Icarus (198x122)', 'Online', 2, 4, '2025-10-02 00:38:34'),
(182, 1, 3, 1398, 7547, 10, 'Unknown (25x78)', 'Online', 2, 4, '2025-10-02 00:38:36');

-- --------------------------------------------------------

--
-- Table structure for table `daily_analytics`
--

CREATE TABLE `daily_analytics` (
  `id` int(11) NOT NULL,
  `user_id` int(11) DEFAULT NULL,
  `character_id` int(11) NOT NULL,
  `date` date NOT NULL,
  `starting_level` int(11) DEFAULT 0,
  `ending_level` int(11) DEFAULT 0,
  `starting_resets` int(11) DEFAULT 0,
  `ending_resets` int(11) DEFAULT 0,
  `starting_grand_resets` int(11) DEFAULT 0,
  `ending_grand_resets` int(11) DEFAULT 0,
  `level_gained` int(11) DEFAULT 0,
  `resets_gained` int(11) DEFAULT 0,
  `grand_resets_gained` int(11) DEFAULT 0,
  `created_at` timestamp NOT NULL DEFAULT current_timestamp()
) ENGINE=InnoDB DEFAULT CHARSET=utf8mb4 COLLATE=utf8mb4_general_ci;

-- --------------------------------------------------------

--
-- Table structure for table `daily_progress`
--

CREATE TABLE `daily_progress` (
  `id` int(11) NOT NULL,
  `user_id` int(11) DEFAULT NULL,
  `character_id` int(11) NOT NULL,
  `date` date NOT NULL,
  `starting_level` int(11) NOT NULL DEFAULT 0,
  `ending_level` int(11) NOT NULL DEFAULT 0,
  `starting_resets` int(11) NOT NULL DEFAULT 0,
  `ending_resets` int(11) NOT NULL DEFAULT 0,
  `starting_grand_resets` int(11) NOT NULL DEFAULT 0,
  `ending_grand_resets` int(11) NOT NULL DEFAULT 0,
  `levels_gained` int(11) NOT NULL DEFAULT 0,
  `resets_gained` int(11) NOT NULL DEFAULT 0,
  `grand_resets_gained` int(11) NOT NULL DEFAULT 0
) ENGINE=InnoDB DEFAULT CHARSET=utf8mb4 COLLATE=utf8mb4_unicode_ci;

--
-- Dumping data for table `daily_progress`
--

INSERT INTO `daily_progress` (`id`, `user_id`, `character_id`, `date`, `starting_level`, `ending_level`, `starting_resets`, `ending_resets`, `starting_grand_resets`, `ending_grand_resets`, `levels_gained`, `resets_gained`, `grand_resets_gained`) VALUES
(1, 1, 4, '2025-09-29', 1129, 1129, 7995, 8258, 10, 10, 0, 263, 0),
(2, 1, 12, '2025-09-29', 1390, 1202, 2250, 2507, 0, 0, 0, 257, 0),
(3, 1, 5, '2025-09-29', 1357, 1077, 9460, 9725, 0, 0, 0, 265, 0),
(4, 1, 10, '2025-09-29', 1180, 1180, 4905, 5145, 0, 0, 0, 240, 0),
(5, 1, 6, '2025-09-29', 1194, 1194, 11126, 11389, 0, 0, 0, 263, 0),
(6, 1, 9, '2025-09-29', 1197, 1197, 6080, 6324, 0, 0, 0, 244, 0),
(7, 1, 11, '2025-09-29', 1272, 1275, 3157, 3420, 0, 0, 0, 263, 0),
(8, 1, 8, '2025-09-29', 1050, 1050, 10192, 10452, 0, 0, 0, 260, 0),
(9, 1, 7, '2025-09-29', 1040, 1040, 10113, 10368, 0, 0, 0, 255, 0),
(10, 1, 3, '2025-09-29', 1651, 1301, 6972, 7000, 10, 10, 0, 28, 0),
(22, 1, 4, '2025-09-30', 1129, 1428, 8283, 8302, 10, 10, 0, 19, 0),
(23, 1, 12, '2025-09-30', 1507, 1202, 2532, 2564, 0, 0, 0, 32, 0),
(24, 1, 5, '2025-09-30', 1198, 1077, 9751, 9784, 0, 0, 0, 33, 0),
(25, 1, 10, '2025-09-30', 1180, 1180, 5170, 5201, 0, 0, 0, 31, 0),
(26, 1, 6, '2025-09-30', 1194, 1194, 11414, 11446, 0, 0, 0, 32, 0),
(27, 1, 9, '2025-09-30', 1197, 1197, 6348, 6377, 0, 0, 0, 29, 0),
(28, 1, 11, '2025-09-30', 1208, 1208, 3445, 3477, 0, 0, 0, 32, 0),
(29, 1, 8, '2025-09-30', 1157, 1050, 10477, 10509, 0, 0, 0, 32, 0),
(30, 1, 7, '2025-09-30', 1040, 1322, 10393, 10408, 0, 0, 0, 15, 0),
(31, 1, 3, '2025-09-30', 1700, 1700, 7013, 7013, 10, 10, 0, 0, 0),
(32, 1, 4, '2025-10-01', 1129, 1129, 8464, 8530, 10, 10, 0, 66, 0),
(33, 1, 12, '2025-10-01', 1202, 1202, 2895, 2961, 0, 0, 0, 66, 0),
(34, 1, 5, '2025-10-01', 1077, 1077, 10129, 10198, 0, 0, 0, 69, 0),
(35, 1, 10, '2025-10-01', 1180, 1180, 5531, 5597, 0, 0, 0, 66, 0),
(36, 1, 6, '2025-10-01', 1201, 1194, 11777, 11843, 0, 0, 0, 66, 0),
(37, 1, 9, '2025-10-01', 1197, 1197, 6685, 6747, 0, 0, 0, 62, 0),
(38, 1, 11, '2025-10-01', 1208, 1208, 3808, 3875, 0, 0, 0, 67, 0),
(39, 1, 8, '2025-10-01', 1050, 1050, 10676, 10742, 0, 0, 0, 66, 0),
(40, 1, 7, '2025-10-01', 1040, 1040, 10565, 10629, 0, 0, 0, 64, 0),
(41, 1, 3, '2025-10-01', 1301, 1345, 7173, 7239, 10, 10, 0, 66, 0),
(42, 1, 4, '2025-10-02', 1129, 1129, 8844, 8844, 10, 10, 0, 0, 0),
(43, 1, 12, '2025-10-02', 1240, 1240, 3217, 3217, 0, 0, 0, 0, 0),
(44, 1, 5, '2025-10-02', 1077, 1077, 10524, 10524, 0, 0, 0, 0, 0),
(45, 1, 10, '2025-10-02', 1180, 1180, 5759, 5759, 0, 0, 0, 0, 0),
(46, 1, 6, '2025-10-02', 1194, 1194, 12113, 12113, 0, 0, 0, 0, 0),
(47, 1, 9, '2025-10-02', 1197, 1197, 7039, 7039, 0, 0, 0, 0, 0),
(48, 1, 11, '2025-10-02', 1208, 1208, 4188, 4188, 0, 0, 0, 0, 0),
(49, 1, 8, '2025-10-02', 1428, 1428, 11054, 11054, 0, 0, 0, 0, 0),
(50, 1, 7, '2025-10-02', 1040, 1040, 10934, 10934, 0, 0, 0, 0, 0),
(51, 1, 3, '2025-10-02', 1398, 1398, 7547, 7547, 10, 10, 0, 0, 0);

-- --------------------------------------------------------

--
-- Table structure for table `hourly_analytics`
--

CREATE TABLE `hourly_analytics` (
  `id` int(11) NOT NULL,
  `user_id` int(11) DEFAULT NULL,
  `character_id` int(11) NOT NULL,
  `date` date NOT NULL,
  `hour` tinyint(2) NOT NULL,
  `level_start` int(11) NOT NULL DEFAULT 0,
  `level_end` int(11) NOT NULL DEFAULT 0,
  `resets_start` int(11) NOT NULL DEFAULT 0,
  `resets_end` int(11) NOT NULL DEFAULT 0,
  `grand_resets_start` int(11) NOT NULL DEFAULT 0,
  `grand_resets_end` int(11) NOT NULL DEFAULT 0,
  `levels_gained` int(11) NOT NULL DEFAULT 0,
  `resets_gained` int(11) NOT NULL DEFAULT 0,
  `grand_resets_gained` int(11) NOT NULL DEFAULT 0,
  `status_changes` int(11) NOT NULL DEFAULT 0
) ENGINE=InnoDB DEFAULT CHARSET=utf8mb4 COLLATE=utf8mb4_unicode_ci;

--
-- Dumping data for table `hourly_analytics`
--

INSERT INTO `hourly_analytics` (`id`, `user_id`, `character_id`, `date`, `hour`, `level_start`, `level_end`, `resets_start`, `resets_end`, `grand_resets_start`, `grand_resets_end`, `levels_gained`, `resets_gained`, `grand_resets_gained`, `status_changes`) VALUES
(1, 1, 4, '2025-09-29', 7, 1129, 1129, 7995, 7995, 10, 10, 0, 0, 0, 1),
(2, 1, 12, '2025-09-29', 7, 1390, 1390, 2250, 2250, 0, 0, 0, 0, 0, 1),
(3, 1, 5, '2025-09-29', 7, 1357, 1357, 9460, 9460, 0, 0, 0, 0, 0, 1),
(4, 1, 10, '2025-09-29', 7, 1180, 1180, 4905, 4905, 0, 0, 0, 0, 0, 1),
(5, 1, 6, '2025-09-29', 7, 1194, 1194, 11126, 11126, 0, 0, 0, 0, 0, 1),
(6, 1, 9, '2025-09-29', 7, 1197, 1197, 6080, 6080, 0, 0, 0, 0, 0, 1),
(7, 1, 11, '2025-09-29', 7, 1272, 1272, 3157, 3157, 0, 0, 0, 0, 0, 1),
(8, 1, 8, '2025-09-29', 7, 1050, 1050, 10192, 10192, 0, 0, 0, 0, 0, 1),
(9, 1, 7, '2025-09-29', 7, 1040, 1040, 10113, 10113, 0, 0, 0, 0, 0, 1),
(10, 1, 3, '2025-09-29', 7, 1651, 1652, 6972, 6972, 10, 10, 1, 0, 0, 2),
(15, 1, 4, '2025-09-29', 10, 1147, 1129, 8038, 8046, 10, 10, -18, 8, 0, 2),
(16, 1, 12, '2025-09-29', 10, 1202, 1300, 2293, 2296, 0, 0, 98, 3, 0, 2),
(17, 1, 5, '2025-09-29', 10, 1077, 1197, 9495, 9504, 0, 0, 120, 9, 0, 2),
(18, 1, 10, '2025-09-29', 10, 1180, 1330, 4942, 4949, 0, 0, 150, 7, 0, 2),
(19, 1, 6, '2025-09-29', 10, 1194, 1194, 11170, 11177, 0, 0, 0, 7, 0, 2),
(20, 1, 9, '2025-09-29', 10, 1197, 1197, 6120, 6128, 0, 0, 0, 8, 0, 2),
(21, 1, 11, '2025-09-29', 10, 1208, 1208, 3201, 3209, 0, 0, 0, 8, 0, 2),
(22, 1, 8, '2025-09-29', 10, 1050, 1050, 10235, 10241, 0, 0, 0, 6, 0, 2),
(23, 1, 7, '2025-09-29', 10, 1218, 1040, 10155, 10163, 0, 0, -178, 8, 0, 2),
(24, 1, 3, '2025-09-29', 10, 1656, 1656, 6972, 6972, 10, 10, 0, 0, 0, 2),
(25, 1, 4, '2025-09-29', 13, 1129, 1129, 8092, 8092, 10, 10, 0, 0, 0, 1),
(26, 1, 12, '2025-09-29', 13, 1202, 1202, 2341, 2341, 0, 0, 0, 0, 0, 1),
(27, 1, 5, '2025-09-29', 13, 1077, 1077, 9552, 9552, 0, 0, 0, 0, 0, 1),
(28, 1, 10, '2025-09-29', 13, 1190, 1190, 4987, 4987, 0, 0, 0, 0, 0, 1),
(29, 1, 6, '2025-09-29', 13, 1194, 1194, 11223, 11223, 0, 0, 0, 0, 0, 1),
(30, 1, 9, '2025-09-29', 13, 1197, 1197, 6170, 6170, 0, 0, 0, 0, 0, 1),
(31, 1, 11, '2025-09-29', 13, 1208, 1208, 3255, 3255, 0, 0, 0, 0, 0, 1),
(32, 1, 8, '2025-09-29', 13, 1050, 1050, 10286, 10286, 0, 0, 0, 0, 0, 1),
(33, 1, 7, '2025-09-29', 13, 1040, 1040, 10207, 10207, 0, 0, 0, 0, 0, 1),
(34, 1, 3, '2025-09-29', 13, 1666, 1666, 6972, 6972, 10, 10, 0, 0, 0, 1),
(42, 1, 3, '2025-09-29', 14, 1673, 1673, 6972, 6972, 10, 10, 0, 0, 0, 1),
(43, 1, 4, '2025-09-29', 14, 1129, 1129, 8112, 8112, 10, 10, 0, 0, 0, 1),
(44, 1, 5, '2025-09-29', 14, 1077, 1077, 9573, 9573, 0, 0, 0, 0, 0, 1),
(45, 1, 6, '2025-09-29', 14, 1194, 1194, 11243, 11243, 0, 0, 0, 0, 0, 1),
(46, 1, 7, '2025-09-29', 14, 1040, 1040, 10226, 10226, 0, 0, 0, 0, 0, 1),
(47, 1, 8, '2025-09-29', 14, 1053, 1053, 10306, 10306, 0, 0, 0, 0, 0, 1),
(48, 1, 9, '2025-09-29', 14, 1251, 1251, 6189, 6189, 0, 0, 0, 0, 0, 1),
(49, 1, 10, '2025-09-29', 14, 1514, 1514, 5004, 5004, 0, 0, 0, 0, 0, 1),
(50, 1, 11, '2025-09-29', 14, 1208, 1208, 3275, 3275, 0, 0, 0, 0, 0, 1),
(51, 1, 12, '2025-09-29', 14, 1202, 1202, 2362, 2362, 0, 0, 0, 0, 0, 1),
(52, 1, 4, '2025-09-29', 22, 1129, 1129, 8229, 8231, 10, 10, 0, 2, 0, 2),
(53, 1, 12, '2025-09-29', 22, 1202, 1264, 2479, 2480, 0, 0, 62, 1, 0, 2),
(54, 1, 5, '2025-09-29', 22, 1077, 1254, 9695, 9696, 0, 0, 177, 1, 0, 2),
(55, 1, 10, '2025-09-29', 22, 1180, 1180, 5117, 5119, 0, 0, 0, 2, 0, 2),
(56, 1, 6, '2025-09-29', 22, 1531, 1194, 11360, 11362, 0, 0, -337, 2, 0, 2),
(57, 1, 9, '2025-09-29', 22, 1197, 1197, 6298, 6300, 0, 0, 0, 2, 0, 2),
(58, 1, 11, '2025-09-29', 22, 1208, 1329, 3392, 3394, 0, 0, 121, 2, 0, 2),
(59, 1, 8, '2025-09-29', 22, 1050, 1050, 10424, 10425, 0, 0, 0, 1, 0, 2),
(60, 1, 7, '2025-09-29', 22, 1040, 1040, 10340, 10342, 0, 0, 0, 2, 0, 2),
(61, 1, 3, '2025-09-29', 22, 1700, 1301, 6972, 6973, 10, 10, -399, 1, 0, 2),
(62, 1, 4, '2025-09-29', 23, 1129, 1129, 8258, 8258, 10, 10, 0, 0, 0, 1),
(63, 1, 12, '2025-09-29', 23, 1202, 1202, 2507, 2507, 0, 0, 0, 0, 0, 1),
(64, 1, 5, '2025-09-29', 23, 1077, 1077, 9725, 9725, 0, 0, 0, 0, 0, 1),
(65, 1, 10, '2025-09-29', 23, 1180, 1180, 5145, 5145, 0, 0, 0, 0, 0, 1),
(66, 1, 6, '2025-09-29', 23, 1194, 1194, 11389, 11389, 0, 0, 0, 0, 0, 1),
(67, 1, 9, '2025-09-29', 23, 1197, 1197, 6324, 6324, 0, 0, 0, 0, 0, 1),
(68, 1, 11, '2025-09-29', 23, 1275, 1275, 3420, 3420, 0, 0, 0, 0, 0, 1),
(69, 1, 8, '2025-09-29', 23, 1050, 1050, 10452, 10452, 0, 0, 0, 0, 0, 1),
(70, 1, 7, '2025-09-29', 23, 1040, 1040, 10368, 10368, 0, 0, 0, 0, 0, 1),
(71, 1, 3, '2025-09-29', 23, 1301, 1301, 7000, 7000, 10, 10, 0, 0, 0, 1),
(72, 1, 4, '2025-09-30', 1, 1129, 1129, 8283, 8283, 10, 10, 0, 0, 0, 1),
(73, 1, 12, '2025-09-30', 1, 1507, 1507, 2532, 2532, 0, 0, 0, 0, 0, 1),
(74, 1, 5, '2025-09-30', 1, 1198, 1198, 9751, 9751, 0, 0, 0, 0, 0, 1),
(75, 1, 10, '2025-09-30', 1, 1180, 1180, 5170, 5170, 0, 0, 0, 0, 0, 1),
(76, 1, 6, '2025-09-30', 1, 1194, 1194, 11414, 11414, 0, 0, 0, 0, 0, 1),
(77, 1, 9, '2025-09-30', 1, 1197, 1197, 6348, 6348, 0, 0, 0, 0, 0, 1),
(78, 1, 11, '2025-09-30', 1, 1208, 1208, 3445, 3445, 0, 0, 0, 0, 0, 1),
(79, 1, 8, '2025-09-30', 1, 1157, 1157, 10477, 10477, 0, 0, 0, 0, 0, 1),
(80, 1, 7, '2025-09-30', 1, 1040, 1040, 10393, 10393, 0, 0, 0, 0, 0, 1),
(81, 1, 3, '2025-09-30', 1, 1700, 1700, 7013, 7013, 10, 10, 0, 0, 0, 1),
(82, 1, 4, '2025-09-30', 2, 1129, 1428, 8301, 8302, 10, 10, 299, 1, 0, 2),
(83, 1, 12, '2025-09-30', 2, 1202, 1202, 2550, 2552, 0, 0, 0, 2, 0, 2),
(84, 1, 5, '2025-09-30', 2, 1077, 1077, 9769, 9771, 0, 0, 0, 2, 0, 2),
(85, 1, 10, '2025-09-30', 2, 1180, 1180, 5188, 5190, 0, 0, 0, 2, 0, 2),
(86, 1, 6, '2025-09-30', 2, 1194, 1194, 11432, 11434, 0, 0, 0, 2, 0, 2),
(87, 1, 9, '2025-09-30', 2, 1284, 1463, 6364, 6366, 0, 0, 179, 2, 0, 2),
(88, 1, 11, '2025-09-30', 2, 1208, 1208, 3463, 3465, 0, 0, 0, 2, 0, 2),
(89, 1, 8, '2025-09-30', 2, 1050, 1050, 10495, 10497, 0, 0, 0, 2, 0, 2),
(90, 1, 7, '2025-09-30', 2, 1322, 1322, 10408, 10408, 0, 0, 0, 0, 0, 2),
(91, 1, 3, '2025-09-30', 2, 1700, 1700, 7013, 7013, 10, 10, 0, 0, 0, 2),
(92, 1, 4, '2025-09-30', 3, 1428, 1428, 8302, 8302, 10, 10, 0, 0, 0, 2),
(93, 1, 12, '2025-09-30', 3, 1202, 1202, 2555, 2564, 0, 0, 0, 9, 0, 2),
(94, 1, 5, '2025-09-30', 3, 1077, 1077, 9775, 9784, 0, 0, 0, 9, 0, 2),
(95, 1, 10, '2025-09-30', 3, 1180, 1180, 5193, 5201, 0, 0, 0, 8, 0, 2),
(96, 1, 6, '2025-09-30', 3, 1280, 1194, 11437, 11446, 0, 0, -86, 9, 0, 2),
(97, 1, 9, '2025-09-30', 3, 1248, 1197, 6369, 6377, 0, 0, -51, 8, 0, 2),
(98, 1, 11, '2025-09-30', 3, 1208, 1208, 3468, 3477, 0, 0, 0, 9, 0, 2),
(99, 1, 8, '2025-09-30', 3, 1050, 1050, 10500, 10509, 0, 0, 0, 9, 0, 2),
(100, 1, 7, '2025-09-30', 3, 1322, 1322, 10408, 10408, 0, 0, 0, 0, 0, 2),
(101, 1, 3, '2025-09-30', 3, 1700, 1700, 7013, 7013, 10, 10, 0, 0, 0, 2),
(102, 1, 4, '2025-10-01', 0, 1129, 1129, 8464, 8468, 10, 10, 0, 4, 0, 2),
(103, 1, 12, '2025-10-01', 0, 1202, 1202, 2895, 2899, 0, 0, 0, 4, 0, 2),
(104, 1, 5, '2025-10-01', 0, 1077, 1077, 10129, 10133, 0, 0, 0, 4, 0, 2),
(105, 1, 10, '2025-10-01', 0, 1180, 1276, 5531, 5535, 0, 0, 96, 4, 0, 2),
(106, 1, 6, '2025-10-01', 0, 1201, 1194, 11777, 11781, 0, 0, -7, 4, 0, 2),
(107, 1, 9, '2025-10-01', 0, 1197, 1197, 6685, 6689, 0, 0, 0, 4, 0, 2),
(108, 1, 11, '2025-10-01', 0, 1208, 1208, 3808, 3812, 0, 0, 0, 4, 0, 2),
(109, 1, 8, '2025-10-01', 0, 1050, 1050, 10676, 10679, 0, 0, 0, 3, 0, 2),
(110, 1, 7, '2025-10-01', 0, 1040, 1040, 10565, 10569, 0, 0, 0, 4, 0, 2),
(111, 1, 3, '2025-10-01', 0, 1301, 1301, 7173, 7177, 10, 10, 0, 4, 0, 2),
(112, 1, 4, '2025-10-01', 4, 1129, 1129, 8530, 8530, 10, 10, 0, 0, 0, 1),
(113, 1, 12, '2025-10-01', 4, 1202, 1202, 2961, 2961, 0, 0, 0, 0, 0, 1),
(114, 1, 5, '2025-10-01', 4, 1077, 1077, 10198, 10198, 0, 0, 0, 0, 0, 1),
(115, 1, 10, '2025-10-01', 4, 1180, 1180, 5597, 5597, 0, 0, 0, 0, 0, 1),
(116, 1, 6, '2025-10-01', 4, 1194, 1194, 11843, 11843, 0, 0, 0, 0, 0, 1),
(117, 1, 9, '2025-10-01', 4, 1197, 1197, 6747, 6747, 0, 0, 0, 0, 0, 1),
(118, 1, 11, '2025-10-01', 4, 1208, 1208, 3875, 3875, 0, 0, 0, 0, 0, 1),
(119, 1, 8, '2025-10-01', 4, 1050, 1050, 10742, 10742, 0, 0, 0, 0, 0, 1),
(120, 1, 7, '2025-10-01', 4, 1040, 1040, 10629, 10629, 0, 0, 0, 0, 0, 1),
(121, 1, 3, '2025-10-01', 4, 1345, 1345, 7239, 7239, 10, 10, 0, 0, 0, 1),
(122, 1, 4, '2025-10-02', 0, 1129, 1129, 8844, 8844, 10, 10, 0, 0, 0, 1),
(123, 1, 12, '2025-10-02', 0, 1240, 1240, 3217, 3217, 0, 0, 0, 0, 0, 1),
(124, 1, 5, '2025-10-02', 0, 1077, 1077, 10524, 10524, 0, 0, 0, 0, 0, 1),
(125, 1, 10, '2025-10-02', 0, 1180, 1180, 5759, 5759, 0, 0, 0, 0, 0, 1),
(126, 1, 6, '2025-10-02', 0, 1194, 1194, 12113, 12113, 0, 0, 0, 0, 0, 1),
(127, 1, 9, '2025-10-02', 0, 1197, 1197, 7039, 7039, 0, 0, 0, 0, 0, 1),
(128, 1, 11, '2025-10-02', 0, 1208, 1208, 4188, 4188, 0, 0, 0, 0, 0, 1),
(129, 1, 8, '2025-10-02', 0, 1428, 1428, 11054, 11054, 0, 0, 0, 0, 0, 1),
(130, 1, 7, '2025-10-02', 0, 1040, 1040, 10934, 10934, 0, 0, 0, 0, 0, 1),
(131, 1, 3, '2025-10-02', 0, 1398, 1398, 7547, 7547, 10, 10, 0, 0, 0, 1);

-- --------------------------------------------------------

--
-- Table structure for table `level_milestones`
--

CREATE TABLE `level_milestones` (
  `id` int(11) NOT NULL,
  `user_id` int(11) DEFAULT NULL,
  `character_id` int(11) NOT NULL,
  `milestone_type` enum('level','reset','grand_reset') NOT NULL,
  `old_value` int(11) NOT NULL DEFAULT 0,
  `new_value` int(11) NOT NULL DEFAULT 0,
  `achieved_at` timestamp NOT NULL DEFAULT current_timestamp()
) ENGINE=InnoDB DEFAULT CHARSET=utf8mb4 COLLATE=utf8mb4_unicode_ci;

--
-- Dumping data for table `level_milestones`
--

INSERT INTO `level_milestones` (`id`, `user_id`, `character_id`, `milestone_type`, `old_value`, `new_value`, `achieved_at`) VALUES
(1, 1, 4, 'reset', 7995, 8038, '2025-09-29 10:02:32'),
(2, 1, 12, 'reset', 2250, 2293, '2025-09-29 10:02:34'),
(3, 1, 5, 'reset', 9460, 9495, '2025-09-29 10:02:36'),
(4, 1, 10, 'reset', 4905, 4942, '2025-09-29 10:02:38'),
(5, 1, 6, 'reset', 11126, 11170, '2025-09-29 10:02:39'),
(6, 1, 9, 'reset', 6080, 6120, '2025-09-29 10:02:41'),
(7, 1, 11, 'reset', 3157, 3201, '2025-09-29 10:02:43'),
(8, 1, 8, 'reset', 10192, 10235, '2025-09-29 10:02:44'),
(9, 1, 7, 'level', 1040, 1218, '2025-09-29 10:02:46'),
(10, 1, 7, 'reset', 10113, 10155, '2025-09-29 10:02:46'),
(11, 1, 4, 'reset', 8038, 8046, '2025-09-29 10:34:28'),
(12, 1, 12, 'level', 1202, 1300, '2025-09-29 10:34:30'),
(13, 1, 12, 'reset', 2293, 2296, '2025-09-29 10:34:30'),
(14, 1, 5, 'level', 1077, 1197, '2025-09-29 10:34:32'),
(15, 1, 5, 'reset', 9495, 9504, '2025-09-29 10:34:32'),
(16, 1, 10, 'level', 1180, 1330, '2025-09-29 10:34:33'),
(17, 1, 10, 'reset', 4942, 4949, '2025-09-29 10:34:33'),
(18, 1, 6, 'reset', 11170, 11177, '2025-09-29 10:34:35'),
(19, 1, 9, 'reset', 6120, 6128, '2025-09-29 10:34:37'),
(20, 1, 11, 'reset', 3201, 3209, '2025-09-29 10:34:39'),
(21, 1, 8, 'reset', 10235, 10241, '2025-09-29 10:34:41'),
(22, 1, 7, 'reset', 10155, 10163, '2025-09-29 10:34:43'),
(23, 1, 4, 'reset', 8046, 8092, '2025-09-29 13:27:40'),
(24, 1, 12, 'reset', 2296, 2341, '2025-09-29 13:27:42'),
(25, 1, 5, 'reset', 9504, 9552, '2025-09-29 13:27:44'),
(26, 1, 10, 'reset', 4949, 4987, '2025-09-29 13:27:45'),
(27, 1, 6, 'reset', 11177, 11223, '2025-09-29 13:27:47'),
(28, 1, 9, 'reset', 6128, 6170, '2025-09-29 13:27:49'),
(29, 1, 11, 'reset', 3209, 3255, '2025-09-29 13:27:51'),
(30, 1, 8, 'reset', 10241, 10286, '2025-09-29 13:27:53'),
(31, 1, 7, 'reset', 10163, 10207, '2025-09-29 13:27:55'),
(32, 1, 4, 'reset', 8092, 8112, '2025-09-29 14:44:02'),
(33, 1, 5, 'reset', 9552, 9573, '2025-09-29 14:44:03'),
(34, 1, 6, 'reset', 11223, 11243, '2025-09-29 14:44:05'),
(35, 1, 7, 'reset', 10207, 10226, '2025-09-29 14:44:06'),
(36, 1, 8, 'reset', 10286, 10306, '2025-09-29 14:44:08'),
(37, 1, 9, 'level', 1197, 1251, '2025-09-29 14:44:39'),
(38, 1, 9, 'reset', 6170, 6189, '2025-09-29 14:44:39'),
(39, 1, 10, 'level', 1190, 1514, '2025-09-29 14:44:41'),
(40, 1, 10, 'reset', 4987, 5004, '2025-09-29 14:44:41'),
(41, 1, 11, 'reset', 3255, 3275, '2025-09-29 14:44:43'),
(42, 1, 12, 'reset', 2341, 2362, '2025-09-29 14:44:44'),
(43, 1, 4, 'reset', 8112, 8229, '2025-09-29 22:10:14'),
(44, 1, 12, 'reset', 2362, 2479, '2025-09-29 22:10:15'),
(45, 1, 5, 'reset', 9573, 9695, '2025-09-29 22:10:17'),
(46, 1, 10, 'reset', 5004, 5117, '2025-09-29 22:10:18'),
(47, 1, 6, 'level', 1194, 1531, '2025-09-29 22:10:21'),
(48, 1, 6, 'reset', 11243, 11360, '2025-09-29 22:10:21'),
(49, 1, 9, 'reset', 6189, 6298, '2025-09-29 22:10:22'),
(50, 1, 11, 'reset', 3275, 3392, '2025-09-29 22:10:24'),
(51, 1, 8, 'reset', 10306, 10424, '2025-09-29 22:10:25'),
(52, 1, 7, 'reset', 10226, 10340, '2025-09-29 22:10:27'),
(53, 1, 3, 'level', 1673, 1700, '2025-09-29 22:10:29'),
(54, 1, 4, 'reset', 8229, 8231, '2025-09-29 22:15:43'),
(55, 1, 12, 'reset', 2479, 2480, '2025-09-29 22:15:45'),
(56, 1, 5, 'level', 1077, 1254, '2025-09-29 22:15:47'),
(57, 1, 5, 'reset', 9695, 9696, '2025-09-29 22:15:47'),
(58, 1, 10, 'reset', 5117, 5119, '2025-09-29 22:15:48'),
(59, 1, 6, 'reset', 11360, 11362, '2025-09-29 22:15:50'),
(60, 1, 9, 'reset', 6298, 6300, '2025-09-29 22:15:52'),
(61, 1, 11, 'level', 1208, 1329, '2025-09-29 22:15:54'),
(62, 1, 11, 'reset', 3392, 3394, '2025-09-29 22:15:54'),
(63, 1, 8, 'reset', 10424, 10425, '2025-09-29 22:15:55'),
(64, 1, 7, 'reset', 10340, 10342, '2025-09-29 22:15:57'),
(65, 1, 3, 'reset', 6972, 6973, '2025-09-29 22:15:59'),
(66, 1, 4, 'reset', 8231, 8258, '2025-09-29 23:58:17'),
(67, 1, 12, 'reset', 2480, 2507, '2025-09-29 23:58:18'),
(68, 1, 5, 'reset', 9696, 9725, '2025-09-29 23:58:20'),
(69, 1, 10, 'reset', 5119, 5145, '2025-09-29 23:58:22'),
(70, 1, 6, 'reset', 11362, 11389, '2025-09-29 23:58:24'),
(71, 1, 9, 'reset', 6300, 6324, '2025-09-29 23:58:26'),
(72, 1, 11, 'reset', 3394, 3420, '2025-09-29 23:58:27'),
(73, 1, 8, 'reset', 10425, 10452, '2025-09-29 23:58:29'),
(74, 1, 7, 'reset', 10342, 10368, '2025-09-29 23:58:30'),
(75, 1, 3, 'reset', 6973, 7000, '2025-09-29 23:58:31'),
(76, 1, 4, 'reset', 8258, 8283, '2025-09-30 01:34:46'),
(77, 1, 12, 'level', 1202, 1507, '2025-09-30 01:34:48'),
(78, 1, 12, 'reset', 2507, 2532, '2025-09-30 01:34:48'),
(79, 1, 5, 'level', 1077, 1198, '2025-09-30 01:34:50'),
(80, 1, 5, 'reset', 9725, 9751, '2025-09-30 01:34:50'),
(81, 1, 10, 'reset', 5145, 5170, '2025-09-30 01:34:51'),
(82, 1, 6, 'reset', 11389, 11414, '2025-09-30 01:34:53'),
(83, 1, 9, 'reset', 6324, 6348, '2025-09-30 01:34:56'),
(84, 1, 11, 'reset', 3420, 3445, '2025-09-30 01:34:57'),
(85, 1, 8, 'level', 1050, 1157, '2025-09-30 01:35:00'),
(86, 1, 8, 'reset', 10452, 10477, '2025-09-30 01:35:00'),
(87, 1, 7, 'reset', 10368, 10393, '2025-09-30 01:35:02'),
(88, 1, 3, 'level', 1301, 1700, '2025-09-30 01:35:03'),
(89, 1, 3, 'reset', 7000, 7013, '2025-09-30 01:35:03'),
(90, 1, 4, 'reset', 8283, 8301, '2025-09-30 02:40:43'),
(91, 1, 12, 'reset', 2532, 2550, '2025-09-30 02:40:45'),
(92, 1, 5, 'reset', 9751, 9769, '2025-09-30 02:40:47'),
(93, 1, 10, 'reset', 5170, 5188, '2025-09-30 02:40:50'),
(94, 1, 6, 'reset', 11414, 11432, '2025-09-30 02:40:51'),
(95, 1, 9, 'level', 1197, 1284, '2025-09-30 02:40:53'),
(96, 1, 9, 'reset', 6348, 6364, '2025-09-30 02:40:53'),
(97, 1, 11, 'reset', 3445, 3463, '2025-09-30 02:40:55'),
(98, 1, 8, 'reset', 10477, 10495, '2025-09-30 02:40:58'),
(99, 1, 7, 'level', 1040, 1322, '2025-09-30 02:41:00'),
(100, 1, 7, 'reset', 10393, 10408, '2025-09-30 02:41:00'),
(101, 1, 4, 'level', 1129, 1428, '2025-09-30 02:49:22'),
(102, 1, 4, 'reset', 8301, 8302, '2025-09-30 02:49:22'),
(103, 1, 5, 'reset', 9769, 9771, '2025-09-30 02:49:23'),
(104, 1, 6, 'reset', 11432, 11434, '2025-09-30 02:49:24'),
(105, 1, 8, 'reset', 10495, 10497, '2025-09-30 02:49:27'),
(106, 1, 9, 'level', 1284, 1463, '2025-09-30 02:49:28'),
(107, 1, 9, 'reset', 6364, 6366, '2025-09-30 02:49:28'),
(108, 1, 10, 'reset', 5188, 5190, '2025-09-30 02:49:29'),
(109, 1, 11, 'reset', 3463, 3465, '2025-09-30 02:49:30'),
(110, 1, 12, 'reset', 2550, 2552, '2025-09-30 02:49:32'),
(111, 1, 12, 'reset', 2552, 2555, '2025-09-30 03:01:14'),
(112, 1, 5, 'reset', 9771, 9775, '2025-09-30 03:01:16'),
(113, 1, 10, 'reset', 5190, 5193, '2025-09-30 03:01:18'),
(114, 1, 6, 'level', 1194, 1280, '2025-09-30 03:01:20'),
(115, 1, 6, 'reset', 11434, 11437, '2025-09-30 03:01:20'),
(116, 1, 9, 'reset', 6366, 6369, '2025-09-30 03:01:22'),
(117, 1, 11, 'reset', 3465, 3468, '2025-09-30 03:01:24'),
(118, 1, 8, 'reset', 10497, 10500, '2025-09-30 03:01:26'),
(119, 1, 12, 'reset', 2555, 2564, '2025-09-30 03:33:58'),
(120, 1, 5, 'reset', 9775, 9784, '2025-09-30 03:34:01'),
(121, 1, 10, 'reset', 5193, 5201, '2025-09-30 03:34:04'),
(122, 1, 6, 'reset', 11437, 11446, '2025-09-30 03:34:06'),
(123, 1, 9, 'reset', 6369, 6377, '2025-09-30 03:34:07'),
(124, 1, 11, 'reset', 3468, 3477, '2025-09-30 03:34:09'),
(125, 1, 8, 'reset', 10500, 10509, '2025-09-30 03:34:11'),
(126, 1, 4, 'reset', 8302, 8464, '2025-10-01 00:33:26'),
(127, 1, 12, 'reset', 2564, 2895, '2025-10-01 00:33:28'),
(128, 1, 5, 'reset', 9784, 10129, '2025-10-01 00:33:31'),
(129, 1, 10, 'reset', 5201, 5531, '2025-10-01 00:33:32'),
(130, 1, 6, 'level', 1194, 1201, '2025-10-01 00:33:34'),
(131, 1, 6, 'reset', 11446, 11777, '2025-10-01 00:33:34'),
(132, 1, 9, 'reset', 6377, 6685, '2025-10-01 00:33:36'),
(133, 1, 11, 'reset', 3477, 3808, '2025-10-01 00:33:38'),
(134, 1, 8, 'reset', 10509, 10676, '2025-10-01 00:33:41'),
(135, 1, 7, 'reset', 10408, 10565, '2025-10-01 00:33:42'),
(136, 1, 3, 'reset', 7013, 7173, '2025-10-01 00:33:44'),
(137, 1, 4, 'reset', 8464, 8468, '2025-10-01 00:47:47'),
(138, 1, 12, 'reset', 2895, 2899, '2025-10-01 00:47:49'),
(139, 1, 5, 'reset', 10129, 10133, '2025-10-01 00:47:52'),
(140, 1, 10, 'level', 1180, 1276, '2025-10-01 00:47:55'),
(141, 1, 10, 'reset', 5531, 5535, '2025-10-01 00:47:55'),
(142, 1, 6, 'reset', 11777, 11781, '2025-10-01 00:47:57'),
(143, 1, 9, 'reset', 6685, 6689, '2025-10-01 00:47:59'),
(144, 1, 11, 'reset', 3808, 3812, '2025-10-01 00:48:01'),
(145, 1, 8, 'reset', 10676, 10679, '2025-10-01 00:48:03'),
(146, 1, 7, 'reset', 10565, 10569, '2025-10-01 00:48:06'),
(147, 1, 3, 'reset', 7173, 7177, '2025-10-01 00:48:08'),
(148, 1, 4, 'reset', 8468, 8530, '2025-10-01 04:45:00'),
(149, 1, 12, 'reset', 2899, 2961, '2025-10-01 04:45:21'),
(150, 1, 5, 'reset', 10133, 10198, '2025-10-01 04:45:23'),
(151, 1, 10, 'reset', 5535, 5597, '2025-10-01 04:45:25'),
(152, 1, 6, 'reset', 11781, 11843, '2025-10-01 04:45:27'),
(153, 1, 9, 'reset', 6689, 6747, '2025-10-01 04:45:31'),
(154, 1, 11, 'reset', 3812, 3875, '2025-10-01 04:45:39'),
(155, 1, 8, 'reset', 10679, 10742, '2025-10-01 04:45:41'),
(156, 1, 7, 'reset', 10569, 10629, '2025-10-01 04:45:43'),
(157, 1, 3, 'reset', 7177, 7239, '2025-10-01 04:45:44'),
(158, 1, 4, 'reset', 8530, 8844, '2025-10-02 00:38:17'),
(159, 1, 12, 'reset', 2961, 3217, '2025-10-02 00:38:19'),
(160, 1, 5, 'reset', 10198, 10524, '2025-10-02 00:38:22'),
(161, 1, 10, 'reset', 5597, 5759, '2025-10-02 00:38:24'),
(162, 1, 6, 'reset', 11843, 12113, '2025-10-02 00:38:26'),
(163, 1, 9, 'reset', 6747, 7039, '2025-10-02 00:38:28'),
(164, 1, 11, 'reset', 3875, 4188, '2025-10-02 00:38:30'),
(165, 1, 8, 'level', 1050, 1428, '2025-10-02 00:38:32'),
(166, 1, 8, 'reset', 10742, 11054, '2025-10-02 00:38:32'),
(167, 1, 7, 'reset', 10629, 10934, '2025-10-02 00:38:34'),
(168, 1, 3, 'reset', 7239, 7547, '2025-10-02 00:38:36');

-- --------------------------------------------------------

--
-- Table structure for table `license_keys`
--

CREATE TABLE `license_keys` (
  `id` int(11) NOT NULL,
  `license_key` varchar(100) NOT NULL,
  `license_type` enum('regular','vip') DEFAULT 'regular',
  `is_used` tinyint(1) DEFAULT 0,
  `used_by_user_id` int(11) DEFAULT NULL,
  `created_at` timestamp NOT NULL DEFAULT current_timestamp(),
  `used_at` timestamp NULL DEFAULT NULL,
  `expires_at` timestamp NULL DEFAULT NULL,
  `max_uses` int(11) DEFAULT 1,
  `current_uses` int(11) DEFAULT 0
) ENGINE=InnoDB DEFAULT CHARSET=utf8mb4 COLLATE=utf8mb4_general_ci;

--
-- Dumping data for table `license_keys`
--

INSERT INTO `license_keys` (`id`, `license_key`, `license_type`, `is_used`, `used_by_user_id`, `created_at`, `used_at`, `expires_at`, `max_uses`, `current_uses`) VALUES
(1, 'MUTRACK-2024-001', 'regular', 1, 4, '2025-09-29 01:37:48', '2025-10-01 08:55:06', '2026-09-28 17:37:48', 1, 1),
(2, 'MUTRACK-2024-002', 'regular', 0, NULL, '2025-09-29 01:37:48', NULL, '2026-09-28 17:37:48', 1, 0),
(3, 'MUTRACK-2024-003', 'regular', 0, NULL, '2025-09-29 01:37:48', NULL, '2026-09-28 17:37:48', 1, 0),
(4, 'MUTRACK-2024-004', 'regular', 0, NULL, '2025-09-29 01:37:48', NULL, '2026-09-28 17:37:48', 1, 0),
(5, 'MUTRACK-2024-005', 'regular', 0, NULL, '2025-09-29 01:37:48', NULL, '2026-09-28 17:37:48', 1, 0),
(16, 'VIP-2024-001', 'vip', 1, 5, '2025-10-01 08:53:08', '2025-10-01 08:55:06', '2026-10-01 00:53:08', 1, 1),
(17, 'VIP-2024-002', 'vip', 0, NULL, '2025-10-01 08:53:08', NULL, '2026-10-01 00:53:08', 1, 0),
(18, 'VIP-2024-003', 'vip', 0, NULL, '2025-10-01 08:53:08', NULL, '2026-10-01 00:53:08', 1, 0);

-- --------------------------------------------------------

--
-- Table structure for table `period_analytics`
--

CREATE TABLE `period_analytics` (
  `id` int(11) NOT NULL,
  `user_id` int(11) DEFAULT NULL,
  `character_id` int(11) NOT NULL,
  `period_type` enum('week','month') NOT NULL,
  `year` int(4) NOT NULL,
  `period_number` int(4) NOT NULL,
  `levels_gained` int(11) NOT NULL DEFAULT 0,
  `resets_gained` int(11) NOT NULL DEFAULT 0,
  `grand_resets_gained` int(11) NOT NULL DEFAULT 0,
  `active_days` int(11) NOT NULL DEFAULT 0,
  `updated_at` timestamp NOT NULL DEFAULT current_timestamp() ON UPDATE current_timestamp()
) ENGINE=InnoDB DEFAULT CHARSET=utf8mb4 COLLATE=utf8mb4_unicode_ci;

--
-- Dumping data for table `period_analytics`
--

INSERT INTO `period_analytics` (`id`, `user_id`, `character_id`, `period_type`, `year`, `period_number`, `levels_gained`, `resets_gained`, `grand_resets_gained`, `active_days`, `updated_at`) VALUES
(1, 1, 4, 'week', 2025, 40, 0, 348, 0, 4, '2025-10-02 00:38:17'),
(2, 1, 4, 'month', 2025, 9, 0, 282, 0, 2, '2025-09-30 03:33:57'),
(3, 1, 12, 'week', 2025, 40, 0, 355, 0, 4, '2025-10-02 00:38:19'),
(4, 1, 12, 'month', 2025, 9, 0, 289, 0, 2, '2025-09-30 03:33:59'),
(5, 1, 5, 'week', 2025, 40, 0, 367, 0, 4, '2025-10-02 00:38:22'),
(6, 1, 5, 'month', 2025, 9, 0, 298, 0, 2, '2025-09-30 03:34:01'),
(7, 1, 10, 'week', 2025, 40, 0, 337, 0, 4, '2025-10-02 00:38:24'),
(8, 1, 10, 'month', 2025, 9, 0, 271, 0, 2, '2025-09-30 03:34:04'),
(9, 1, 6, 'week', 2025, 40, 0, 361, 0, 4, '2025-10-02 00:38:26'),
(10, 1, 6, 'month', 2025, 9, 0, 295, 0, 2, '2025-09-30 03:34:06'),
(11, 1, 9, 'week', 2025, 40, 0, 335, 0, 4, '2025-10-02 00:38:28'),
(12, 1, 9, 'month', 2025, 9, 0, 273, 0, 2, '2025-09-30 03:34:07'),
(13, 1, 11, 'week', 2025, 40, 0, 362, 0, 4, '2025-10-02 00:38:30'),
(14, 1, 11, 'month', 2025, 9, 0, 295, 0, 2, '2025-09-30 03:34:09'),
(15, 1, 8, 'week', 2025, 40, 0, 358, 0, 4, '2025-10-02 00:38:32'),
(16, 1, 8, 'month', 2025, 9, 0, 292, 0, 2, '2025-09-30 03:34:11'),
(17, 1, 7, 'week', 2025, 40, 0, 334, 0, 4, '2025-10-02 00:38:34'),
(18, 1, 7, 'month', 2025, 9, 0, 270, 0, 2, '2025-09-30 03:34:13'),
(19, 1, 3, 'week', 2025, 40, 0, 94, 0, 4, '2025-10-02 00:38:36'),
(20, 1, 3, 'month', 2025, 9, 0, 28, 0, 2, '2025-09-30 03:34:14'),
(286, 1, 4, 'month', 2025, 10, 0, 66, 0, 2, '2025-10-02 00:38:17'),
(288, 1, 12, 'month', 2025, 10, 0, 66, 0, 2, '2025-10-02 00:38:19'),
(290, 1, 5, 'month', 2025, 10, 0, 69, 0, 2, '2025-10-02 00:38:22'),
(292, 1, 10, 'month', 2025, 10, 0, 66, 0, 2, '2025-10-02 00:38:24'),
(294, 1, 6, 'month', 2025, 10, 0, 66, 0, 2, '2025-10-02 00:38:26'),
(296, 1, 9, 'month', 2025, 10, 0, 62, 0, 2, '2025-10-02 00:38:28'),
(298, 1, 11, 'month', 2025, 10, 0, 67, 0, 2, '2025-10-02 00:38:30'),
(300, 1, 8, 'month', 2025, 10, 0, 66, 0, 2, '2025-10-02 00:38:32'),
(302, 1, 7, 'month', 2025, 10, 0, 64, 0, 2, '2025-10-02 00:38:34'),
(304, 1, 3, 'month', 2025, 10, 0, 66, 0, 2, '2025-10-02 00:38:36');

-- --------------------------------------------------------

--
-- Table structure for table `users`
--

CREATE TABLE `users` (
  `id` int(11) NOT NULL,
  `username` varchar(50) NOT NULL,
  `email` varchar(100) NOT NULL,
  `password_hash` varchar(255) NOT NULL,
  `license_key` varchar(100) NOT NULL,
  `is_active` tinyint(1) DEFAULT 1,
  `user_role` enum('regular','vip','admin') DEFAULT 'regular',
  `created_at` timestamp NOT NULL DEFAULT current_timestamp(),
  `last_login` timestamp NULL DEFAULT NULL,
  `login_attempts` int(11) DEFAULT 0,
  `locked_until` timestamp NULL DEFAULT NULL
) ENGINE=InnoDB DEFAULT CHARSET=utf8mb4 COLLATE=utf8mb4_general_ci;

--
-- Dumping data for table `users`
--

INSERT INTO `users` (`id`, `username`, `email`, `password_hash`, `license_key`, `is_active`, `user_role`, `created_at`, `last_login`, `login_attempts`, `locked_until`) VALUES
(1, 'kentify', 'kentify@outlook.ph', '$2y$10$MB7wzhZY.Xk.2PlYWpMcdeqeGWjqy/RL.6JVj54RPUoR4w2U4WRDG', 'ADMIN-2024-001', 1, 'admin', '2025-09-29 01:37:48', '2025-10-02 00:38:07', 0, NULL),
(4, 'test_regular', 'regular@test.com', '$2y$10$r0O4G/tU8WOLmIxsB0YoqO7fGWFpf2UauONm12UZRdMU.am1dX2dS', 'MUTRACK-2024-001', 0, 'regular', '2025-10-01 08:55:06', NULL, 0, NULL),
(5, 'test_vip', 'vip@test.com', '$2y$10$uaNH2WnSYF.uDNBs6yy7kOmCmJbLtbFCZAl8mYt4fIfh1ur59p/BS', 'VIP-2024-001', 0, 'vip', '2025-10-01 08:55:06', NULL, 0, NULL);

-- --------------------------------------------------------

--
-- Table structure for table `user_sessions`
--

CREATE TABLE `user_sessions` (
  `id` int(11) NOT NULL,
  `user_id` int(11) NOT NULL,
  `session_token` varchar(255) NOT NULL,
  `ip_address` varchar(45) DEFAULT NULL,
  `user_agent` text DEFAULT NULL,
  `created_at` timestamp NOT NULL DEFAULT current_timestamp(),
  `expires_at` timestamp NULL DEFAULT NULL,
  `is_active` tinyint(1) DEFAULT 1
) ENGINE=InnoDB DEFAULT CHARSET=utf8mb4 COLLATE=utf8mb4_general_ci;

--
-- Dumping data for table `user_sessions`
--

INSERT INTO `user_sessions` (`id`, `user_id`, `session_token`, `ip_address`, `user_agent`, `created_at`, `expires_at`, `is_active`) VALUES
(1, 1, '5056f427888f2f4f6a9a2b4657fbf61167b18fc9ebbeb006ac8cee67664ea989', '::1', 'Mozilla/5.0 (Windows NT 10.0; Win64; x64) AppleWebKit/537.36 (KHTML, like Gecko) Chrome/140.0.0.0 Safari/537.36', '2025-09-29 07:17:08', '2025-09-29 08:17:08', 1),
(2, 1, 'e3b81844177bdde80d1e842bed9a3b63a197c99e486a03c9cba1573cdb4be289', '::1', 'Mozilla/5.0 (Windows NT 10.0; Win64; x64) AppleWebKit/537.36 (KHTML, like Gecko) Chrome/140.0.0.0 Safari/537.36', '2025-09-29 07:26:05', '2025-09-29 08:26:05', 1),
(3, 1, 'f08d5d7e1db8d8c17cae25e418ef40d1d2c1075e949ea56b2967795888b9555e', 'unknown', 'unknown', '2025-09-29 07:35:30', '2025-09-29 08:35:30', 1),
(4, 1, 'ab29d0e50477a190cae7fb0a23c13d8473a2ab96b87981357f6352db9859712f', '::1', 'Mozilla/5.0 (Windows NT 10.0; Win64; x64) AppleWebKit/537.36 (KHTML, like Gecko) Chrome/140.0.0.0 Safari/537.36', '2025-09-29 10:02:27', '2025-09-29 11:02:27', 1),
(5, 1, '5e5b8d4baaa790790d83d703b3bcc62ca61ac435549d85cd7c3349a1f3111a20', '::1', 'Mozilla/5.0 (Windows NT 10.0; Win64; x64) AppleWebKit/537.36 (KHTML, like Gecko) Chrome/140.0.0.0 Safari/537.36', '2025-09-29 13:27:35', '2025-09-29 14:27:35', 1),
(6, 1, '6b65415f1876d3f940cb6d82c289d1e43ad0b4fd146b580b1e429c1814fec610', '::1', 'Mozilla/5.0 (Windows NT 10.0; Win64; x64) AppleWebKit/537.36 (KHTML, like Gecko) Chrome/140.0.0.0 Safari/537.36', '2025-09-29 14:17:39', '2025-09-29 15:17:39', 0),
(7, 1, 'c33fd5223d1a68abc7b8dfca18952ad43db5455e04fe52d202bf39fee98349bc', '::1', 'Mozilla/5.0 (Windows NT 10.0; Win64; x64) AppleWebKit/537.36 (KHTML, like Gecko) Chrome/140.0.0.0 Safari/537.36', '2025-09-29 22:10:08', '2025-09-29 23:10:08', 0),
(8, 1, 'bc743af9745a4c3d68b112b6f9fc6ec656bafc9f731e9d84fe94a73e529ed432', '::1', 'Mozilla/5.0 (Windows NT 10.0; Win64; x64) AppleWebKit/537.36 (KHTML, like Gecko) Chrome/140.0.0.0 Safari/537.36', '2025-09-29 23:58:09', '2025-09-30 00:58:09', 0),
(9, 1, '3f6ddb277f057f31fc1fd47658e48d70ea2d090a0dfb589894be6110f0dcc0f1', '::1', 'Mozilla/5.0 (Windows NT 10.0; Win64; x64) AppleWebKit/537.36 (KHTML, like Gecko) Chrome/140.0.0.0 Safari/537.36', '2025-09-30 01:34:32', '2025-09-30 02:34:32', 1),
(10, 1, '880dbe6b2dc3ced83ef2aaa23ee8439004577fde50739ca69f1cc473b4fc2c36', '::1', 'Mozilla/5.0 (Windows NT 10.0; Win64; x64) AppleWebKit/537.36 (KHTML, like Gecko) Chrome/140.0.0.0 Safari/537.36', '2025-09-30 02:38:52', '2025-09-30 03:38:52', 0),
(11, 1, 'ff26eec587de0b978ede2e62710bc5019bf2d766db496b5979a50e5709bde0fd', '::1', 'Mozilla/5.0 (Windows NT 10.0; Win64; x64) AppleWebKit/537.36 (KHTML, like Gecko) Chrome/140.0.0.0 Safari/537.36', '2025-09-30 02:39:32', '2025-09-30 03:39:32', 0),
(12, 1, '81e6fb400588c7dec8fc2c33c0e9f89b2fe2faaf88f91f66d3bfae34c53768ab', '::1', 'Mozilla/5.0 (Windows NT 10.0; Win64; x64) AppleWebKit/537.36 (KHTML, like Gecko) Chrome/140.0.0.0 Safari/537.36', '2025-09-30 03:47:02', '2025-09-30 04:47:02', 0),
(13, 1, 'f2eb664922c4555370923a8861ea6d710eff960060d5c8036e9aa0aa8380106f', '::1', 'Mozilla/5.0 (Windows NT 10.0; Win64; x64) AppleWebKit/537.36 (KHTML, like Gecko) Chrome/140.0.0.0 Safari/537.36', '2025-09-30 04:15:52', '2025-09-30 05:15:52', 1),
(14, 1, 'a28988c3761b2d7d6dccb4b94654a2c6c2bbaaf6a2e962264805d5fea6cb0e06', '::1', 'Mozilla/5.0 (Windows NT 10.0; Win64; x64) AppleWebKit/537.36 (KHTML, like Gecko) Chrome/140.0.0.0 Safari/537.36', '2025-10-01 00:33:14', '2025-10-01 01:33:14', 0),
(15, 1, '9d8e20f15622378f0160dc162e020d553b3973dc871525ba6fe1deb77af957f3', '::1', 'Mozilla/5.0 (Windows NT 10.0; Win64; x64) AppleWebKit/537.36 (KHTML, like Gecko) Chrome/140.0.0.0 Safari/537.36', '2025-10-01 01:40:12', '2025-10-01 02:40:12', 0),
(16, 1, 'd5253761b728e88c7b4b3c16287fbb102ec5c917fb2b4adaaf3aab71700d2cfc', '::1', 'Mozilla/5.0 (Windows NT 10.0; Win64; x64) AppleWebKit/537.36 (KHTML, like Gecko) Chrome/140.0.0.0 Safari/537.36', '2025-10-01 01:47:05', '2025-10-01 02:47:05', 0),
(17, 1, '3e5d7b937d45c9c128002150ec82afd8d94f37ac5231e304647400ae5bb68ab5', '::1', 'Mozilla/5.0 (Windows NT 10.0; Win64; x64) AppleWebKit/537.36 (KHTML, like Gecko) Chrome/140.0.0.0 Safari/537.36', '2025-10-01 01:48:28', '2025-10-01 02:48:28', 0),
(18, 1, '3cad3de89c79f00461f15bc04fb0b8a72dd0769a26bc1b3bbe2a19c723303558', '::1', 'Mozilla/5.0 (Windows NT 10.0; Win64; x64) AppleWebKit/537.36 (KHTML, like Gecko) Chrome/140.0.0.0 Safari/537.36', '2025-10-01 01:55:59', '2025-10-01 02:55:59', 0),
(19, 1, '491579f98bd6ed676eb6653a02b156dcb0300eb9799875532d8cccae208fe3c8', '::1', 'Mozilla/5.0 (Windows NT 10.0; Win64; x64) AppleWebKit/537.36 (KHTML, like Gecko) Chrome/140.0.0.0 Safari/537.36', '2025-10-01 04:35:12', '2025-10-01 05:35:12', 0),
(20, 1, 'd86bb3fe22c0eae3d07a622bce0e018ee18237a73e1e76edaaf5c24117211298', '::1', 'Mozilla/5.0 (Windows NT 10.0; Win64; x64) AppleWebKit/537.36 (KHTML, like Gecko) Chrome/140.0.0.0 Safari/537.36', '2025-10-01 04:36:37', '2025-10-01 05:36:37', 0),
(21, 1, '9196455df798c6c8c57f6ebfc0278eff9c2c02bf0713d25d3507516c9dfd8d2e', '::1', 'Mozilla/5.0 (Windows NT 10.0; Win64; x64) AppleWebKit/537.36 (KHTML, like Gecko) Chrome/140.0.0.0 Safari/537.36', '2025-10-01 04:38:50', '2025-10-01 05:38:50', 0),
(22, 1, '1cfb676b02763425b9092c2b315776598a01fe2387c5d3a7706d5e7af8ee3771', '::1', 'Mozilla/5.0 (Windows NT 10.0; Win64; x64) AppleWebKit/537.36 (KHTML, like Gecko) Chrome/140.0.0.0 Safari/537.36', '2025-10-01 04:44:30', '2025-10-01 05:44:30', 0),
(23, 1, '76174501fe1b7bd3d82953cf95cf0343838fe8d31af9cd15282d3276cc55ab46', '::1', 'Mozilla/5.0 (Windows NT 10.0; Win64; x64) AppleWebKit/537.36 (KHTML, like Gecko) Chrome/140.0.0.0 Safari/537.36', '2025-10-01 07:15:24', '2025-10-01 08:15:24', 0),
(24, 1, '1bcdb2c801ab885fcb6f1035b23819f3c49e0ce0cf2941c835bd03825f13148a', '::1', 'Mozilla/5.0 (Windows NT 10.0; Win64; x64) AppleWebKit/537.36 (KHTML, like Gecko) Chrome/140.0.0.0 Safari/537.36', '2025-10-01 08:22:58', '2025-10-01 09:22:58', 1),
(25, 1, '7c22f903d776095cc0ab05859fca620dd309f6e4c949d8096dca0317d2a9c80f', '::1', 'Mozilla/5.0 (Windows NT 10.0; Win64; x64) AppleWebKit/537.36 (KHTML, like Gecko) Chrome/140.0.0.0 Safari/537.36', '2025-10-02 00:38:07', '2025-10-02 01:38:07', 1);

--
-- Indexes for dumped tables
--

--
-- Indexes for table `activity_logs`
--
ALTER TABLE `activity_logs`
  ADD PRIMARY KEY (`id`),
  ADD KEY `idx_user` (`user`),
  ADD KEY `idx_timestamp` (`timestamp`);

--
-- Indexes for table `characters`
--
ALTER TABLE `characters`
  ADD PRIMARY KEY (`id`),
  ADD UNIQUE KEY `character_url` (`character_url`),
  ADD KEY `idx_user_id` (`user_id`);

--
-- Indexes for table `character_history`
--
ALTER TABLE `character_history`
  ADD PRIMARY KEY (`id`),
  ADD KEY `idx_ch_character` (`character_id`),
  ADD KEY `idx_user_id` (`user_id`);

--
-- Indexes for table `daily_analytics`
--
ALTER TABLE `daily_analytics`
  ADD PRIMARY KEY (`id`),
  ADD UNIQUE KEY `unique_character_date` (`character_id`,`date`),
  ADD KEY `idx_date` (`date`),
  ADD KEY `idx_user_id` (`user_id`);

--
-- Indexes for table `daily_progress`
--
ALTER TABLE `daily_progress`
  ADD PRIMARY KEY (`id`),
  ADD UNIQUE KEY `uniq_character_date` (`character_id`,`date`),
  ADD KEY `idx_daily_char_date` (`character_id`,`date`),
  ADD KEY `fk_daily_progress_user` (`user_id`);

--
-- Indexes for table `hourly_analytics`
--
ALTER TABLE `hourly_analytics`
  ADD PRIMARY KEY (`id`),
  ADD UNIQUE KEY `uniq_char_date_hour` (`character_id`,`date`,`hour`),
  ADD KEY `idx_hourly_char_date` (`character_id`,`date`),
  ADD KEY `idx_user_id` (`user_id`);

--
-- Indexes for table `level_milestones`
--
ALTER TABLE `level_milestones`
  ADD PRIMARY KEY (`id`),
  ADD KEY `idx_character_id` (`character_id`),
  ADD KEY `fk_level_milestones_user` (`user_id`);

--
-- Indexes for table `license_keys`
--
ALTER TABLE `license_keys`
  ADD PRIMARY KEY (`id`),
  ADD UNIQUE KEY `license_key` (`license_key`),
  ADD KEY `idx_license_key` (`license_key`),
  ADD KEY `idx_is_used` (`is_used`);

--
-- Indexes for table `period_analytics`
--
ALTER TABLE `period_analytics`
  ADD PRIMARY KEY (`id`),
  ADD UNIQUE KEY `uniq_character_period` (`character_id`,`period_type`,`year`,`period_number`),
  ADD KEY `idx_period_char` (`character_id`),
  ADD KEY `fk_period_analytics_user` (`user_id`);

--
-- Indexes for table `users`
--
ALTER TABLE `users`
  ADD PRIMARY KEY (`id`),
  ADD UNIQUE KEY `username` (`username`),
  ADD UNIQUE KEY `email` (`email`),
  ADD UNIQUE KEY `license_key` (`license_key`),
  ADD KEY `idx_username` (`username`),
  ADD KEY `idx_email` (`email`),
  ADD KEY `idx_license_key` (`license_key`);

--
-- Indexes for table `user_sessions`
--
ALTER TABLE `user_sessions`
  ADD PRIMARY KEY (`id`),
  ADD UNIQUE KEY `session_token` (`session_token`),
  ADD KEY `idx_session_token` (`session_token`),
  ADD KEY `idx_user_id` (`user_id`),
  ADD KEY `idx_expires_at` (`expires_at`);

--
-- AUTO_INCREMENT for dumped tables
--

--
-- AUTO_INCREMENT for table `activity_logs`
--
ALTER TABLE `activity_logs`
  MODIFY `id` int(11) NOT NULL AUTO_INCREMENT, AUTO_INCREMENT=26;

--
-- AUTO_INCREMENT for table `characters`
--
ALTER TABLE `characters`
  MODIFY `id` int(11) NOT NULL AUTO_INCREMENT, AUTO_INCREMENT=30;

--
-- AUTO_INCREMENT for table `character_history`
--
ALTER TABLE `character_history`
  MODIFY `id` int(11) NOT NULL AUTO_INCREMENT, AUTO_INCREMENT=183;

--
-- AUTO_INCREMENT for table `daily_analytics`
--
ALTER TABLE `daily_analytics`
  MODIFY `id` int(11) NOT NULL AUTO_INCREMENT;

--
-- AUTO_INCREMENT for table `daily_progress`
--
ALTER TABLE `daily_progress`
  MODIFY `id` int(11) NOT NULL AUTO_INCREMENT, AUTO_INCREMENT=52;

--
-- AUTO_INCREMENT for table `hourly_analytics`
--
ALTER TABLE `hourly_analytics`
  MODIFY `id` int(11) NOT NULL AUTO_INCREMENT, AUTO_INCREMENT=132;

--
-- AUTO_INCREMENT for table `level_milestones`
--
ALTER TABLE `level_milestones`
  MODIFY `id` int(11) NOT NULL AUTO_INCREMENT, AUTO_INCREMENT=169;

--
-- AUTO_INCREMENT for table `license_keys`
--
ALTER TABLE `license_keys`
  MODIFY `id` int(11) NOT NULL AUTO_INCREMENT, AUTO_INCREMENT=21;

--
-- AUTO_INCREMENT for table `period_analytics`
--
ALTER TABLE `period_analytics`
  MODIFY `id` int(11) NOT NULL AUTO_INCREMENT, AUTO_INCREMENT=365;

--
-- AUTO_INCREMENT for table `users`
--
ALTER TABLE `users`
  MODIFY `id` int(11) NOT NULL AUTO_INCREMENT, AUTO_INCREMENT=6;

--
-- AUTO_INCREMENT for table `user_sessions`
--
ALTER TABLE `user_sessions`
  MODIFY `id` int(11) NOT NULL AUTO_INCREMENT, AUTO_INCREMENT=26;

--
-- Constraints for dumped tables
--

--
-- Constraints for table `character_history`
--
ALTER TABLE `character_history`
  ADD CONSTRAINT `character_history_ibfk_1` FOREIGN KEY (`character_id`) REFERENCES `characters` (`id`) ON DELETE CASCADE ON UPDATE CASCADE,
  ADD CONSTRAINT `fk_character_history_user` FOREIGN KEY (`user_id`) REFERENCES `users` (`id`) ON DELETE SET NULL;

--
-- Constraints for table `daily_analytics`
--
ALTER TABLE `daily_analytics`
  ADD CONSTRAINT `daily_analytics_ibfk_1` FOREIGN KEY (`character_id`) REFERENCES `characters` (`id`) ON DELETE CASCADE;

--
-- Constraints for table `daily_progress`
--
ALTER TABLE `daily_progress`
  ADD CONSTRAINT `fk_daily_progress_char` FOREIGN KEY (`character_id`) REFERENCES `characters` (`id`) ON DELETE CASCADE ON UPDATE CASCADE,
  ADD CONSTRAINT `fk_daily_progress_user` FOREIGN KEY (`user_id`) REFERENCES `users` (`id`) ON DELETE SET NULL;

--
-- Constraints for table `hourly_analytics`
--
ALTER TABLE `hourly_analytics`
  ADD CONSTRAINT `fk_hourly_analytics_char` FOREIGN KEY (`character_id`) REFERENCES `characters` (`id`) ON DELETE CASCADE ON UPDATE CASCADE,
  ADD CONSTRAINT `fk_hourly_analytics_user` FOREIGN KEY (`user_id`) REFERENCES `users` (`id`) ON DELETE SET NULL;

--
-- Constraints for table `level_milestones`
--
ALTER TABLE `level_milestones`
  ADD CONSTRAINT `fk_level_milestones_char` FOREIGN KEY (`character_id`) REFERENCES `characters` (`id`) ON DELETE CASCADE ON UPDATE CASCADE,
  ADD CONSTRAINT `fk_level_milestones_user` FOREIGN KEY (`user_id`) REFERENCES `users` (`id`) ON DELETE SET NULL;

--
-- Constraints for table `period_analytics`
--
ALTER TABLE `period_analytics`
  ADD CONSTRAINT `fk_period_analytics_char` FOREIGN KEY (`character_id`) REFERENCES `characters` (`id`) ON DELETE CASCADE ON UPDATE CASCADE,
  ADD CONSTRAINT `fk_period_analytics_user` FOREIGN KEY (`user_id`) REFERENCES `users` (`id`) ON DELETE SET NULL;
COMMIT;

/*!40101 SET CHARACTER_SET_CLIENT=@OLD_CHARACTER_SET_CLIENT */;
/*!40101 SET CHARACTER_SET_RESULTS=@OLD_CHARACTER_SET_RESULTS */;
/*!40101 SET COLLATION_CONNECTION=@OLD_COLLATION_CONNECTION */;
